seeddb_company_id,company_name,website_pitchbook,website_crunchbase,start_date,end_date
a02c01s001,Leotus,,http://leotushomecooling.com,01/07/2009,01/07/2010
a02c01s002,Accelereach,www.accelereach.com,http://accelereach.com,01/07/2009,01/07/2010
a02c01s003,Expedit.us,www.expedit.us,http://expedit.us,01/07/2009,01/07/2010
a02c01s006,DijiPOP,www.dijipop.com,http://www.dijipop.com,01/07/2009,01/07/2010
a02c01s007,NuLabel Technologies,www.nulabeltechnologies.com,http://nulabeltechnologies.com,01/07/2009,01/07/2010
a02c02s001,Tu.nr,,http://tu.nr,01/07/2010,01/07/2011
a02c02s002,Catapulter,www.catapulter.com,http://www.catapulter.com,01/07/2010,01/07/2011
a02c02s003,DataBraid,www.databraid.com,http://databraid.com,01/07/2010,01/07/2011
a02c02s004,Tracelytics,www.tracelytics.com,http://www.tracelytics.com,01/07/2010,01/07/2011
a02c02s007,Manpacks,www.manpacks.com,http://manpacks.com,01/07/2010,01/07/2011
a02c02s008,Jobzle,www.jobzle.com,http://www.jobzle.com,01/07/2010,01/07/2011
a02c02s009,Diavibe,www.diavibe.com,http://www.diavibe.com,01/07/2010,01/07/2011
a02c03s002,Building Layer,www.buildinglayer.com,http://buildinglayer.com,01/07/2011,30/06/2012
a02c03s003,Nest4Less,,https://www.nest4less.com,01/07/2011,30/06/2012
a02c03s007,StudyEgg,,http://wisr.com,01/07/2011,30/06/2012
a02c03s009,Revenizer,www.revenizer.com,http://www.revenizer.com,01/07/2011,30/06/2012
a02c03s010,InHabi,www.inhabi.com,http://inhabi.com,01/07/2011,30/06/2012
a02c04s001,Lessonwriter,www.lessonwriter.com,http://lessonwriter.com,01/01/2012,31/12/2012
a02c04s003,Sproutel,www.sproutel.com,http://www.sproutel.com,01/01/2012,31/12/2012
a02c04s004,JumpOffCampus,www.jumpoffcampus.com,http://jumpoffcampus.com,01/01/2012,31/12/2012
a02c04s005,Prepmatic,www.prepmatic.com,http://prepmatic.com,01/01/2012,31/12/2012
a02c04s007,ThumbsUp,www.thumbsupapp.com,http://www.thumbsupapp.com,01/01/2012,31/12/2012
a02c04s008,A Curated World,www.kaymcgowan.com,http://kaymcgowan.com,01/01/2012,31/12/2012
a02c04s009,121Nexus,,http://www.121nexus.com,01/01/2012,31/12/2012
a02c04s011,GBooking,,http://www.everex.com,01/01/2012,31/12/2012
a02c04s012,RecoVend,www.recovend.com,http://recovend.com,01/01/2012,31/12/2012
a02c04s014,Splitwise,www.splitwise.com,http://splitwise.com,01/01/2012,31/12/2012
a02c04s015,AutoShag,www.autoshag.com,http://www.autoshag.com/,01/01/2012,31/12/2012
a02c04s016,Moveable Code,www.moveablecode.com,http://moveablecode.com,01/01/2012,31/12/2012
a02c05s001,Kuratur,www.kuratur.com,http://kuratur.com,01/07/2012,01/07/2013
a02c05s002,Umbie Dental Care,www.umbiedentalcare.com,https://umbiedentalcare.com/,01/07/2012,01/07/2013
a02c05s005,Pennant,www.pennant.co,http://pennant.co,01/07/2012,01/07/2013
a02c05s007,Tennishub,,http://www.tennishub.in,01/07/2012,01/07/2013
a02c05s008,Scholrly,www.scholr.ly,http://scholr.ly,01/07/2012,01/07/2013
a02c05s010,AutoBike,www.evolvethebike.com,http://www.evolvethebike.com,01/07/2012,01/07/2013
a02c05s011,Rootless.me,www.rootless.me,http://rootless.me,01/07/2012,01/07/2013
a02c05s012,Plandree,,http://www.plandree.com,01/07/2012,01/07/2013
a02c05s013,Crunchbutton,www.crunchbutton.com,http://crunchbutton.com,01/07/2012,01/07/2013
a02c06s001,ShutterCal,,http://www.ShutterCal.com,01/01/2013,01/01/2014
a02c06s003,Bare Tree Media,www.baretreemedia.com,http://baretreemedia.com,01/01/2013,01/01/2014
a02c06s004,SurpriseRide,www.surpriseride.com,http://www.surpriseride.com,01/01/2013,01/01/2014
a02c06s005,ZoomTilt,www.zoomtilt.com,http://www.zoomtilt.com,01/01/2013,01/01/2014
a02c06s006,LocusPlay,www.locusplay.com,http://www.locusplay.com,01/01/2013,01/01/2014
a02c06s007,SkillHound,www.skillhound.com,http://skillhound.com,01/01/2013,01/01/2014
a02c06s008,SplashScore,www.mavrck.co,,01/01/2013,01/01/2014
a02c06s009,Spogo,,https://spogo.co/,01/01/2013,01/01/2014
a02c06s010,STEM2O,,http://www.learninghyperdrive.com,01/01/2013,01/01/2014
a02c06s011,Recroup,www.recroup.com,http://www.recroup.com,01/01/2013,01/01/2014
a02c06s012,Eventcheq,www.eventcheq.com,http://www.eventcheq.com,01/01/2013,01/01/2014
a02c06s014,Infikno,www.infikno.com,,01/01/2013,01/01/2014
a02c06s015,RaftOut,www.raftout.com,http://raftout.com,01/01/2013,01/01/2014
a11c01s002,Reddit,www.redditinc.com,https://www.redditinc.com,01/06/2005,01/06/2006
a11c01s003,Loopt,www.loopt.com,http://www.loopt.com,01/06/2005,01/06/2006
a11c01s004,Kiko,www.kiko.com,http://kiko.com,01/06/2005,01/06/2006
a11c01s005,ClickFacts,www.clickfacts.com,http://clickfacts.com,01/06/2005,01/06/2006
a11c01s006,Parakey,www.parakey.com,http://www.parakey.com,01/06/2005,01/06/2006
a11c01s007,TextPayMe,www.textpayme.com,http://www.textpayme.com,01/06/2005,01/06/2006
a11c01s008,Infogami,,http://infogami.co.uk,01/06/2005,01/06/2006
a11c02s001,Flagr,,http://flagr.com,01/01/2006,01/01/2007
a11c02s002,Snipshot,,http://snipshot.com,01/01/2006,01/01/2007
a11c02s003,ProjectWedding,www.projectwedding.com,http://www.projectwedding.com,01/01/2006,01/01/2007
a11c02s004,Clustrix,www.clustrix.com,http://www.clustrix.com,01/01/2006,01/01/2007
a11c02s005,InklingMarkets,www.inklingmarkets.com,http://inklingmarkets.com,01/01/2006,01/01/2007
a11c02s006,AudioBeta,,,01/01/2006,01/01/2007
a11c02s007,Wufoo,www.wufoo.com,,01/01/2006,01/01/2007
a11c03s001,Xobni,www.xobni.com,http://www.xobni.com,01/06/2006,01/06/2007
a11c03s002,Thinkature,,,01/06/2006,01/06/2007
a11c03s003,Shoutfit,,,01/06/2006,01/06/2007
a11c03s004,Scribd,www.scribd.com,http://www.scribd.com,01/06/2006,01/06/2007
a11c03s005,LikeBetter,,https://www.likebetter.com,01/06/2006,01/06/2007
a11c03s006,JamGlue,www.jamglue.com,http://jamglue.com/,01/06/2006,01/06/2007
a11c03s008,OMGPOP,www.omgpop.com,http://omgpop.com,01/06/2006,01/06/2007
a11c04s001,Buxfer,www.buxfer.com,http://www.buxfer.com,01/01/2007,01/01/2008
a11c04s002,Writewith,www.writewith.com,http://writewith.com,01/01/2007,01/01/2008
a11c04s003,Auctomatic,www.auctomatic.com,http://auctomatic.com,01/01/2007,01/01/2008
a11c04s004,Zenter,,,01/01/2007,01/01/2008
a11c04s005,Twitch,www.twitch.tv,https://www.twitch.tv,01/01/2007,01/01/2008
a11c04s006,Whitenoise Networks,,http://www.whitenoisenetworks.com,01/01/2007,01/01/2008
a11c04s007,Weebly,www.weebly.com,http://www.weebly.com,01/01/2007,01/01/2008
a11c04s008,Octopart,www.octopart.com,http://octopart.com,01/01/2007,01/01/2008
a11c04s009,Heysan,www.heysan.com,http://www.heysan.com,01/01/2007,01/01/2008
a11c04s010,SocialMoth,,http://socialmoth.com,01/01/2007,01/01/2008
a11c04s011,VirtualMin,www.virtualmin.com,http://www.virtualmin.com,01/01/2007,01/01/2008
a11c04s012,Tsumobi,www.tsumobi.com,http://tsumobi.com,01/01/2007,01/01/2008
a11c05s001,BlueFrogGaming,,https://www.draftmix.com,01/06/2007,31/05/2008
a11c05s002,Disqus,www.disqus.com,http://www.disqus.com,01/06/2007,31/05/2008
a11c05s003,Reble,www.reble.fm,http://reble.fm,01/06/2007,31/05/2008
a11c05s004,Clickpass,,,01/06/2007,31/05/2008
a11c05s005,SlapVid,,http://slapvid.com,01/06/2007,31/05/2008
a11c05s006,SocialPicks,www.socialpicks.com,http://www.socialpicks.com,01/06/2007,31/05/2008
a11c05s007,ContestMachine,,http://www.contestmachine.com,01/06/2007,31/05/2008
a11c05s008,Bountii,www.bountii.com,http://bountii.com,01/06/2007,31/05/2008
a11c05s009,HelloChair,www.hellochair.com,http://www.hellochair.com,01/06/2007,31/05/2008
a11c05s010,Fuzzwich,www.fuzzwich.com,http://fuzzwich.com,01/06/2007,31/05/2008
a11c05s011,Dropbox,www.dropbox.com,http://www.dropbox.com,01/06/2007,31/05/2008
a11c05s012,Songkick,www.songkick.com,http://songkick.com,01/06/2007,31/05/2008
a11c05s014,iJigg,,http://ijigg.com,01/06/2007,31/05/2008
a11c05s015,Biographicon,,https://www.echineselearning.com,01/06/2007,31/05/2008
a11c05s016,Anywhere.fm,,http://www.anywhere.fm,01/06/2007,31/05/2008
a11c05s017,Appjet,www.appjet.com,http://appjet.com,01/06/2007,31/05/2008
a11c05s018,Splashup,,http://splashup.com,01/06/2007,31/05/2008
a11c05s019,Zecter,,http://www.zecter.com,01/06/2007,31/05/2008
a11c06s001,Trigger.io,www.trigger.io,http://trigger.io,01/01/2008,31/12/2008
a11c06s002,Ninite,www.ninite.com,http://ninite.com,01/01/2008,31/12/2008
a11c06s003,Joberator,www.joberator.com,http://joberator.com,01/01/2008,31/12/2008
a11c06s004,280 North,www.280north.com,http://280north.com,01/01/2008,31/12/2008
a11c06s006,Deluux,,http://deluux.com,01/01/2008,31/12/2008
a11c06s009,Omnisio,www.omnisio.com,http://omnisio.com,01/01/2008,31/12/2008
a11c06s010,Kirkland North,,http://www.playturf.net,01/01/2008,31/12/2008
a11c06s011,Heroku,www.heroku.com,http://www.heroku.com,01/01/2008,31/12/2008
a11c06s012,RescueTime,www.rescuetime.com,http://rescuetime.com,01/01/2008,31/12/2008
a11c06s013,Snaptalent,,http://snaptalent.com,01/01/2008,31/12/2008
a11c06s014,YumDots,,http://yumdots.com,01/01/2008,31/12/2008
a11c06s015,Wundrbar,,http://wundrbar.com,01/01/2008,31/12/2008
a11c06s016,Tipjoy,,http://www.tipjoy.com,01/01/2008,31/12/2008
a11c06s017,FathomDB,,http://www.fathomdb.com,01/01/2008,31/12/2008
a11c06s018,MightyQuiz,,http://mightyquiz.com,01/01/2008,31/12/2008
a11c06s019,Machine Zone,www.mz.com,http://www.mz.com,01/01/2008,31/12/2008
a11c06s020,A Thinking Ape,,http://athinkingape.com,01/01/2008,31/12/2008
a11c07s001,OhLife,www.ohlife.com,http://ohlife.com,01/06/2008,01/06/2009
a11c07s002,People and Pages,,http://www.peopleandpages.com,01/06/2008,01/06/2009
a11c07s003,CO2Stats,www.co2stats.com,http://co2stats.com,01/06/2008,01/06/2009
a11c07s004,PollEverywhere,www.polleverywhere.com,http://www.polleverywhere.com,01/06/2008,01/06/2009
a11c07s005,PopCuts,,http://www.popcuts.com,01/06/2008,01/06/2009
a11c07s006,Slinkset,,http://slinkset.com,01/06/2008,01/06/2009
a11c07s007,TeamApart,,http://teamapart.com,01/06/2008,01/06/2009
a11c07s008,Posterous,www.posterous.com,http://posterous.com,01/06/2008,01/06/2009
a11c07s009,AwesomeHighlighter,www.awesomehighlighter.com,http://www.awesomehighlighter.com,01/06/2008,01/06/2009
a11c07s010,Snipd,www.snipd.com,http://www.snipd.com,01/06/2008,01/06/2009
a11c07s011,JustSpotted,,http://www.justspotted.com,01/06/2008,01/06/2009
a11c07s013,Anyvite,www.anyvite.com,http://www.anyvite.com,01/06/2008,01/06/2009
a11c07s014,Precognate,,,01/06/2008,01/06/2009
a11c07s015,Picwing,www.picwing.com,http://www.picwing.com,01/06/2008,01/06/2009
a11c07s016,Backtype,www.backtype.com,http://www.backtype.com,01/06/2008,01/06/2009
a11c07s017,TicketStumbler,,http://ticketstumbler.com,01/06/2008,01/06/2009
a11c07s019,Frogmetrics,,http://frogmetrics.com,01/06/2008,01/06/2009
a11c07s020,ClaimSpotting,,http://www.urbantakeover.co.uk,01/06/2008,01/06/2009
a11c07s021,Youlicit,,http://www.youlicit.com,01/06/2008,01/06/2009
a11c07s022,Vidly / Fliggo,www.m.vid.ly,http://m.vid.ly,01/06/2008,01/06/2009
a11c07s023,Cloudant,www.cloudant.com,https://www.ibm.com/,01/06/2008,01/06/2009
a11c08s001,Echodio,www.echodio.com,http://www.echodio.com,01/01/2009,01/01/2010
a11c08s002,Skysheet,www.skysheet.com,http://www.skysheet.com,01/01/2009,01/01/2010
a11c08s003,Propable,,,01/01/2009,01/01/2010
a11c08s004,Wattvision,www.wattvision.com,http://wattvision.com,01/01/2009,01/01/2010
a11c08s005,Picurio,,http://picurio.com,01/01/2009,01/01/2010
a11c08s006,Cloudkick,www.cloudkick.com,http://cloudkick.com,01/01/2009,01/01/2010
a11c08s007,Volantio,,http://adioso.com,01/01/2009,01/01/2010
a11c08s008,Divvyshot,www.divvyshot.com,http://divvyshot.com,01/01/2009,01/01/2010
a11c08s009,Recurious,www.thesixtyone.com,http://recurious.com,01/01/2009,01/01/2010
a11c08s010,AirBnb,www.airbnb.com,http://airbnb.com,01/01/2009,01/01/2010
a11c08s011,Voxli,,http://www.voxli.com,01/01/2009,01/01/2010
a11c08s012,reMail,,http://www.remail.com,01/01/2009,01/01/2010
a11c08s013,Heyzap,www.heyzap.com,http://www.heyzap.com,01/01/2009,01/01/2010
a11c08s014,Foodoro,www.foodoro.com,http://foodoro.com,01/01/2009,01/01/2010
a11c08s015,PocketFunGames,,http://pocketfungames.com,01/01/2009,01/01/2010
a11c08s016,Nambii,,http://www.nambii.com,01/01/2009,01/01/2010
a11c09s001,RethinkDB,www.rethinkdb.com,http://www.rethinkdb.com,01/06/2009,01/06/2010
a11c09s003,Tuxebo,www.tuxebo.co.uk,http://www.tuxebo.co.uk,01/06/2009,01/06/2010
a11c09s004,Jobspice,www.jobspice.com,http://www.jobspice.com,01/06/2009,01/06/2010
a11c09s005,Plurchase,,http://plurchase.com,01/06/2009,01/06/2010
a11c09s006,Mixpanel,www.mixpanel.com,http://www.mixpanel.com,01/06/2009,01/06/2010
a11c09s007,InstantQ,www.instantq.com,http://www.instantq.com,01/06/2009,01/06/2010
a11c09s010,Stripe,www.stripe.com,https://stripe.com,01/06/2009,01/06/2010
a11c09s011,Lockitron,www.lockitron.com,http://lockitron.com/,01/06/2009,01/06/2010
a11c09s014,DailyBooth,,,01/06/2009,01/06/2010
a11c09s016,Listia,www.listia.com,http://www.listia.com,01/06/2009,01/06/2010
a11c09s017,FanChatter,www.fanchatter.com,http://fanchatter.com,01/06/2009,01/06/2010
a11c09s018,Bump,www.bu.mp,http://www.bu.mp,01/06/2009,01/06/2010
a11c09s019,CarWoo,,http://a9car.com/,01/06/2009,01/06/2010
a11c09s020,HighlightCam,,https://www.highlightcam.co.nz,01/06/2009,01/06/2010
a11c09s021,RentHop,www.renthop.com,https://www.renthop.com,01/06/2009,01/06/2010
a11c09s022,Wakemate,www.wakemate.com,http://www.wakemate.com,01/06/2009,01/06/2010
a11c09s024,DirectedEdge,www.directededge.com,http://www.directededge.com,01/06/2009,01/06/2010
a11c09s025,Lingt,www.lingt.com,http://www.lingt.com,01/06/2009,01/06/2010
a11c09s026,Flightcaster,www.flightcaster.com,http://flightcaster.com,01/06/2009,01/06/2010
a11c09s027,WePay,,http://go.wepay.com,01/06/2009,01/06/2010
a11c09s028,GraffitiGeo,,http://graffitigeo.com,01/06/2009,01/06/2010
a11c09s029,Olark,www.olark.com,https://www.olark.com,01/06/2009,01/06/2010
a11c10s001,Notifo,,http://notifo.com,01/01/2010,01/01/2011
a11c10s002,Gamador,,http://www.gamador.com,01/01/2010,01/01/2011
a11c10s003,Etacts,www.etacts.com,http://www.etacts.com,01/01/2010,01/01/2011
a11c10s005,Infoharmoni,,http://www.infoharmoni.com,01/01/2010,01/01/2011
a11c10s007,CardPool,www.cardpool.com,http://www.cardpool.com,01/01/2010,01/01/2011
a11c10s008,Data Marketplace,www.datamarketplace.com,http://www.datamarketplace.com,01/01/2010,01/01/2011
a11c10s009,Mertado,www.mertado.com,http://www.mertado.com,01/01/2010,01/01/2011
a11c10s010,Embedly,www.embed.ly,http://embed.ly,01/01/2010,01/01/2011
a11c10s011,Creative Market,www.chromaom.com,https://creativemarket.com,01/01/2010,01/01/2011
a11c10s012,Browsarity,,,01/01/2010,01/01/2011
a11c10s013,LaunchHear,,http://www.launchhear.com,01/01/2010,01/01/2011
a11c10s014,Meetings.io,,http://meetings.io,01/01/2010,01/01/2011
a11c10s015,Zencoder,www.zencoder.com,http://zencoder.com,01/01/2010,01/01/2011
a11c10s016,Allscreen,www.140fire.com,http://www.allscreenhq.com/,01/01/2010,01/01/2011
a11c10s017,Optimizely,,https://www.optimizely.com/,01/01/2010,01/01/2011
a11c10s018,Nowmov,,http://nowbox.com,01/01/2010,01/01/2011
a11c10s019,500Friends,,http://www.500Friends.com,01/01/2010,01/01/2011
a11c10s020,Movity,www.movity.com,http://www.movity.com,01/01/2010,01/01/2011
a11c10s022,Zenedy,www.zenedy.com,http://zenedy.com,01/01/2010,01/01/2011
a11c10s023,Fithub,www.tweetflow.com,http://fithub.com/home.html,01/01/2010,01/01/2011
a11c10s024,Cue,www.cueup.com,http://www.cueup.com,01/01/2010,01/01/2011
a11c10s025,Answerly.com,,http://www.InboxQ.com,01/01/2010,01/01/2011
a11c10s026,OwnLocal,www.ownlocal.com,http://www.ownlocal.com,01/01/2010,01/01/2011
a11c10s027,Crocodoc,www.crocodoc.com,http://www.crocodoc.com,01/01/2010,01/01/2011
a11c11s001,FutureAdvisor,www.futureadvisor.com,https://www.blackrock.com,01/06/2010,01/06/2011
a11c11s002,Docker,,https://www.docker.com,01/06/2010,01/06/2011
a11c11s003,Gantto,www.gantto.com,http://gantto.com,01/06/2010,01/06/2011
a11c11s004,E la Carte,www.presto.com,,01/06/2010,01/06/2011
a11c11s005,PadMapper,www.padmapper.com,http://www.padmapper.com,01/06/2010,01/06/2011
a11c11s007,1000Memories,,http://1000memories.com,01/06/2010,01/06/2011
a11c11s008,Koduco,,http://www.Koduco.com,01/06/2010,01/06/2011
a11c11s009,Chart.io,www.chartio.com,http://www.chartio.com,01/06/2010,01/06/2011
a11c11s010,HireHive,,http://hirehive.com,01/06/2010,01/06/2011
a11c11s011,Whereoscope,,http://Whereoscope.com,01/06/2010,01/06/2011
a11c11s012,Rapportive,www.rapportive.com,http://rapportive.com,01/06/2010,01/06/2011
a11c11s013,HomeJoy,,http://www.Homejoy.com,01/06/2010,01/06/2011
a11c11s014,Simperium,www.simplenoteapp.com,,01/06/2010,01/06/2011
a11c11s015,Habit Labs,www.habitlabs.com,http://habitlabs.com,01/06/2010,01/06/2011
a11c11s016,Tapzilla,www.tapzilla.com,http://tapzilla.com,01/06/2010,01/06/2011
a11c11s017,FanVibe,www.fanvibe.com,http://fanvibe.com,01/06/2010,01/06/2011
a11c11s018,Hipmunk,www.hipmunk.com,http://www.hipmunk.com,01/06/2010,01/06/2011
a11c11s019,AdGrok,www.adgrok.com,http://adgrok.com,01/06/2010,01/06/2011
a11c11s020,Fridge,www.frid.ge,http://www.frid.ge,01/06/2010,01/06/2011
a11c11s022,ReadyForZero,www.readyforzero.com,https://www.readyforzero.com,01/06/2010,01/06/2011
a11c11s023,GazeHawk,www.gazehawk.com,http://www.gazehawk.com,01/06/2010,01/06/2011
a11c11s024,Crowdbooster,www.crowdbooster.com,http://crowdbooster.com,01/06/2010,01/06/2011
a11c11s025,MessageParty,,http://messageparty.com,01/06/2010,01/06/2011
a11c11s026,AnyList,,https://www.anylist.com,01/06/2010,01/06/2011
a11c11s027,GinzaMetrics,,https://ginzametrics.com/,01/06/2010,01/06/2011
a11c11s028,PagerDuty,www.pagerduty.com,http://www.pagerduty.com,01/06/2010,01/06/2011
a11c11s029,Workflowy,www.workflowy.com,http://workflowy.com,01/06/2010,01/06/2011
a11c11s030,Chirply,,http://www.chirply.com,01/06/2010,01/06/2011
a11c11s031,Indinero,www.indinero.com,http://indinero.com,01/06/2010,01/06/2011
a11c11s032,AeroFS,www.aerofs.com,http://www.aerofs.com,01/06/2010,01/06/2011
a11c11s033,Opzi,www.opzi.com,http://opzi.com,01/06/2010,01/06/2011
a11c11s034,Leftronic,www.leftronic.com,http://www.leftronic.com,01/06/2010,01/06/2011
a11c11s035,Brushes,www.brushesapp.com,http://www.brushesapp.com,01/06/2010,01/06/2011
a11c11s036,Teevox,www.teevox.com,http://teevox.com,01/06/2010,01/06/2011
a11c12s002,Lanyrd,www.lanyrd.com,https://lanyrd.com,01/01/2011,01/01/2012
a11c12s003,Siasto,www.siasto.com,http://siasto.com,01/01/2011,01/01/2012
a11c12s004,Tutorspree,,http://www.tutorspree.com,01/01/2011,01/01/2012
a11c12s005,Earbits,www.earbits.com,http://www.earbits.com,01/01/2011,01/01/2012
a11c12s006,Noteleaf,,http://noteleaf.com,01/01/2011,01/01/2012
a11c12s010,Dr Chrono,,https://www.drchrono.com,01/01/2011,01/01/2012
a11c12s011,Comprehend Systems,www.comprehend.com,http://www.comprehend.com,01/01/2011,01/01/2012
a11c12s012,Acunote,www.acunote.com,http://www.acunote.com,01/01/2011,01/01/2012
a11c12s013,MailGun,www.mailgun.com,http://www.mailgun.com,01/01/2011,01/01/2012
a11c12s014,Beetailer,www.beetailer.com,http://www.beetailer.com,01/01/2011,01/01/2012
a11c12s015,Kaleidoscope,www.kaleidoscope.co.uk,http://kaleidoscope.co.uk,01/01/2011,01/01/2012
a11c12s017,Balanced,www.balancedpayments.com,http://www.balancedpayments.com,01/01/2011,01/01/2012
a11c12s018,Hyperink,www.hyperink.com,http://www.hyperink.com,01/01/2011,01/01/2012
a11c12s019,YouGotListings,www.yougotlistings.com,http://www.yougotlistings.com,01/01/2011,01/01/2012
a11c12s020,Upverter,www.upverter.com,http://upverter.com,01/01/2011,01/01/2012
a11c12s021,OrderAhead,www.orderaheadapp.com,http://orderaheadapp.com,01/01/2011,01/01/2012
a11c12s022,FitFu,www.fitfu.com,http://www.fitfu.com,01/01/2011,01/01/2012
a11c12s023,Moki.TV,www.moki.tv,http://moki.tv,01/01/2011,01/01/2012
a11c12s024,TalkBin,www.talkbin.com,http://www.talkbin.com,01/01/2011,01/01/2012
a11c12s025,Giftrocket,,http://www.giftrocket.com,01/01/2011,01/01/2012
a11c12s026,Talkable,www.talkable.com,https://www.talkable.com,01/01/2011,01/01/2012
a11c12s027,ZeroCater,www.zerocater.com,https://zerocater.com,01/01/2011,01/01/2012
a11c12s028,TrustEgg,www.trustegg.com,http://www.trustegg.com,01/01/2011,01/01/2012
a11c12s029,Close.io,www.swipegood.com,https://close.com,01/01/2011,01/01/2012
a11c12s030,Humble Bundle,www.humblebundle.com,https://www.humblebundle.com,01/01/2011,01/01/2012
a11c12s031,AppHarbor,www.appharbor.com,http://appharbor.com,01/01/2011,01/01/2012
a11c12s032,Instapainting,,http://instapainting.com,01/01/2011,01/01/2012
a11c12s033,Pebble Technology,www.pebble.com,https://www.pebble.com/,01/01/2011,01/01/2012
a11c12s034,TellFi,www.tellfi.com,http://tellfi.com,01/01/2011,01/01/2012
a11c12s035,Custora,www.custora.com,https://www.custora.com/,01/01/2011,01/01/2012
a11c12s036,Tumult,,http://tumult.com/hype,01/01/2011,01/01/2012
a11c12s037,Convore,,http://convore.com,01/01/2011,01/01/2012
a11c12s038,Bridge,www.flotype.com,,01/01/2011,01/01/2012
a11c12s040,Sendoid,www.sendoid.com,http://sendoid.com,01/01/2011,01/01/2012
a11c12s041,HelloSign,,http://www.hellofax.com,01/01/2011,01/01/2012
a11c12s042,GOAT,,https://www.goatgroup.com,01/01/2011,01/01/2012
a11c12s043,StoryWorth,,https://welcome.storyworth.com,01/01/2011,01/01/2012
a11c12s044,MinoMonsters,,https://minogames.com,01/01/2011,01/01/2012
a11c12s045,MemSQL,www.singlestore.com,https://www.singlestore.com/,01/01/2011,01/01/2012
a11c13s001,Zenbox,,http://www.zenboxapp.com,01/06/2011,31/05/2012
a11c13s002,Stypi,www.stypi.com,http://www.stypi.com,01/06/2011,31/05/2012
a11c13s003,PayDragon,www.paperlinks.com,http://paydragon.com,01/06/2011,31/05/2012
a11c13s004,AgileMD,www.agilemd.com,http://www.agilemd.com,01/06/2011,31/05/2012
a11c13s005,Launchpad Toys,www.launchpadtoys.com,http://launchpadtoys.com,01/06/2011,31/05/2012
a11c13s006,Quartzy,www.quartzy.com,http://www.quartzy.com,01/06/2011,31/05/2012
a11c13s007,Realm,www.realm.io,http://realm.io/,01/06/2011,31/05/2012
a11c13s008,Proxino,www.proxino.com,http://www.proxino.com,01/06/2011,31/05/2012
a11c13s009,Cryptoseal,www.cryptoseal.com,http://www.cryptoseal.com,01/06/2011,31/05/2012
a11c13s010,Clerky,www.clerky.com,http://www.clerky.com,01/06/2011,31/05/2012
a11c13s011,OneSignal,www.onesignal.com,https://onesignal.com/,01/06/2011,31/05/2012
a11c13s012,Meteor,www.apollographql.com,,01/06/2011,31/05/2012
a11c13s013,GoCardless,www.gocardless.com,https://gocardless.com/,01/06/2011,31/05/2012
a11c13s014,Sift Science,www.sift.com,http://sift.com,01/06/2011,31/05/2012
a11c13s015,Draft,www.draftin.com,http://draftin.com,01/06/2011,31/05/2012
a11c13s017,Firebase,,https://firebase.google.com,01/06/2011,31/05/2012
a11c13s018,Leaky,www.leaky.com,http://leaky.com,01/06/2011,31/05/2012
a11c13s020,Quad,www.thequad.com,https://thequad.com,01/06/2011,31/05/2012
a11c13s022,Imgix,www.imgix.com,https://www.imgix.com,01/06/2011,31/05/2012
a11c13s023,Segment.io,www.segment.com,http://segment.com,01/06/2011,31/05/2012
a11c13s024,Vidyard,www.vidyard.com,http://vidyard.com,01/06/2011,31/05/2012
a11c13s025,MixRank,www.mixrank.com,https://mixrank.com,01/06/2011,31/05/2012
a11c13s028,Science Exchange,www.scienceexchange.com,http://scienceexchange.com,01/06/2011,31/05/2012
a11c13s029,Zigfu,www.zigfu.com,http://zigfu.com,01/06/2011,31/05/2012
a11c13s030,Compose,,https://compose.com,01/06/2011,31/05/2012
a11c13s031,PicPlum,www.picplum.com,http://picplum.com,01/06/2011,31/05/2012
a11c13s032,Codecademy,www.codecademy.com,http://www.codecademy.com,01/06/2011,31/05/2012
a11c13s033,Parse,www.parse.com,http://parse.com,01/06/2011,31/05/2012
a11c13s034,Fobo,www.getyardsale.com,http://fobo.net,01/06/2011,31/05/2012
a11c13s036,Opez,www.opez.com,http://www.opez.com,01/06/2011,31/05/2012
a11c13s037,TapEngage,www.tapengage.com,http://www.tapengage.com,01/06/2011,31/05/2012
a11c13s038,Kicksend,www.kicksend.com,http://kicksend.com,01/06/2011,31/05/2012
a11c13s039,Streak.com,,http://greekstreak.com,01/06/2011,31/05/2012
a11c13s040,Caviar,www.trycaviar.com,http://www.trycaviar.com,01/06/2011,31/05/2012
a11c13s041,Citus Data,www.citusdata.com,https://www.citusdata.com,01/06/2011,31/05/2012
a11c13s042,Verbling,www.verbling.com,https://www.verbling.com,01/06/2011,31/05/2012
a11c13s043,HackerRank,www.hackerrank.com,http://hackerrank.com,01/06/2011,31/05/2012
a11c13s044,Aisle50,www.aisle50.com,http://www.aisle50.com,01/06/2011,31/05/2012
a11c13s045,PageLever,www.pagelever.com,http://www.pagelever.com,01/06/2011,31/05/2012
a11c13s046,Embark,www.letsembark.com,http://letsembark.com,01/06/2011,31/05/2012
a11c13s047,Genius,www.genius.com,http://www.genius.com,01/06/2011,31/05/2012
a11c13s049,Perfect Audience,www.perfectaudience.com,http://perfectaudience.com,01/06/2011,31/05/2012
a11c13s050,Rentobo,www.rentobo.com,http://www.rentobo.com,01/06/2011,31/05/2012
a11c13s051,Automatic,www.automatic.com,https://listenercare.siriusxm.com,01/06/2011,31/05/2012
a11c13s053,EveryMe,www.everyme.com,https://everyme.com/,01/06/2011,31/05/2012
a11c13s054,Tagstand,www.tagstand.com,http://www.tagstand.com/,01/06/2011,31/05/2012
a11c13s055,Clutch.io,www.clutch.io,,01/06/2011,31/05/2012
a11c13s056,LeadGenius,www.leadgenius.com,https://leadgenius.com,01/06/2011,31/05/2012
a11c13s057,Interstate,,http://www.interstateapp.com/,01/06/2011,31/05/2012
a11c13s058,Glassmap,www.glassmap.com,http://www.glassmap.com,01/06/2011,31/05/2012
a11c13s059,DebtEye,,http://www.debteye.com,01/06/2011,31/05/2012
a11c13s061,Dubjoy,www.doublerecall.com,http://dubjoy.com,01/06/2011,31/05/2012
a11c13s062,FreshPlum,www.freshplum.com,http://www.freshplum.com,01/06/2011,31/05/2012
a11c13s063,Userfox,www.userfox.com,http://www.userfox.com,01/06/2011,31/05/2012
a11c13s064,Snapjoy,www.snapjoy.com,http://snapjoy.com,01/06/2011,31/05/2012
a11c14s001,Amiato,www.amiato.com,http://www.amiato.com,01/01/2012,31/12/2012
a11c14s002,Midnox,www.luma.io,http://luma.io,01/01/2012,31/12/2012
a11c14s003,EngageInbox,www.givespark.com,http://givespark.com,01/01/2012,31/12/2012
a11c14s004,HackPad,www.hackpad.com,http://hackpad.com,01/01/2012,31/12/2012
a11c14s005,Chute,www.getchute.com,http://getchute.com,01/01/2012,31/12/2012
a11c14s007,Gusto,www.gusto.com,https://www.gusto.com/,01/01/2012,31/12/2012
a11c14s008,Loom,www.loom.com,https://www.loom.com,01/01/2012,31/12/2012
a11c14s009,Your Mechanic,www.yourmechanic.com,http://www.yourmechanic.com,01/01/2012,31/12/2012
a11c14s011,Swiftype,www.swiftype.com,https://swiftype.com,01/01/2012,31/12/2012
a11c14s012,HireArt,www.hireart.com,http://www.hireart.com,01/01/2012,31/12/2012
a11c14s013,Authy,www.authy.com,http://www.authy.com,01/01/2012,31/12/2012
a11c14s014,SlidePay,www.slidepay.com,http://www.slidepay.com,01/01/2012,31/12/2012
a11c14s015,Coderwall,,http://coderwall.com,01/01/2012,31/12/2012
a11c14s017,LVL6,www.lvl6.com,http://www.lvl6.com,01/01/2012,31/12/2012
a11c14s018,MyVR,www.myvr.com,https://myvr.com,01/01/2012,31/12/2012
a11c14s019,Talkray,,http://talkray.com,01/01/2012,31/12/2012
a11c14s020,Clever Deck,www.cleverdeck.com,http://cleverdeck.com,01/01/2012,31/12/2012
a11c14s021,42floors,www.42floors.com,https://42floors.com,01/01/2012,31/12/2012
a11c14s022,Pixelapse,www.pixelapse.com,http://www.pixelapse.com,01/01/2012,31/12/2012
a11c14s023,Shopular,www.shopular.com,http://shopular.com,01/01/2012,31/12/2012
a11c14s024,Per Vices,www.pervices.com,http://pervices.com,01/01/2012,31/12/2012
a11c14s025,Circuithub,www.circuithub.com,http://circuithub.com,01/01/2012,31/12/2012
a11c14s026,Tilt,www.tilt.com,http://www.tilt.com,01/01/2012,31/12/2012
a11c14s027,Tap To Learn,,http://www.taptolearn.com,01/01/2012,31/12/2012
a11c14s028,iCracked,www.icracked.com,http://www.icracked.com,01/01/2012,31/12/2012
a11c14s029,LendUp,www.lendup.com,http://www.lendup.com,01/01/2012,31/12/2012
a11c14s030,MatterPort,www.matterport.com,http://www.matterport.com,01/01/2012,31/12/2012
a11c14s031,MineFold,,http://minefold.com,01/01/2012,31/12/2012
a11c14s032,FarmLogs,www.farmlogs.com,http://farmlogs.com,01/01/2012,31/12/2012
a11c14s033,SocialCam,www.socialcam.com,http://socialcam.com,01/01/2012,31/12/2012
a11c14s034,Medigram,www.medigram.com,https://medigram.com/,01/01/2012,31/12/2012
a11c14s035,Flutter,,http://flutterapp.com,01/01/2012,31/12/2012
a11c14s036,RideCell,www.ridecell.com,http://www.ridecell.com,01/01/2012,31/12/2012
a11c14s037,Medmonk,www.medmonk.com,http://medmonk.com,01/01/2012,31/12/2012
a11c14s038,ScreenLeap,www.screenleap.com,http://www.screenleap.com,01/01/2012,31/12/2012
a11c14s039,Couple,www.couple.me,http://couple.me,01/01/2012,31/12/2012
a11c14s040,The Muse,www.themuse.com,,01/01/2012,31/12/2012
a11c14s041,EveryArt,,http://everyart.com,01/01/2012,31/12/2012
a11c14s042,Ark,www.ark.com,http://www.ark.com,01/01/2012,31/12/2012
a11c14s044,Brace,www.backlift.com,http://brace.io,01/01/2012,31/12/2012
a11c14s045,PlanGrid,www.plangrid.com,https://www.plangrid.com,01/01/2012,31/12/2012
a11c14s046,Priceonomics,www.priceonomics.com,http://priceonomics.com,01/01/2012,31/12/2012
a11c14s047,BarSense,www.kytephone.com,http://www.kytephone.com,01/01/2012,31/12/2012
a11c14s048,HipMob,www.flypadapp.com,http://www.hipmob.com,01/01/2012,31/12/2012
a11c14s050,Dealupa,www.dealupa.com,http://dealupa.com,01/01/2012,31/12/2012
a11c14s051,Rescale,www.rescale.com,http://www.rescale.com,01/01/2012,31/12/2012
a11c14s052,Grouper,www.joingrouper.com,http://joingrouper.com,01/01/2012,31/12/2012
a11c14s053,Amplitude,,http://amplitude.com,01/01/2012,31/12/2012
a11c14s054,FamilyLeaf,www.familyleaf.com,http://familyleaf.com,01/01/2012,31/12/2012
a11c14s056,Jellyfish Art,www.jellyfishart.com,http://www.jellyfishart.com,01/01/2012,31/12/2012
a11c14s057,Carsabi,www.carsabi.com,http://carsabi.com,01/01/2012,31/12/2012
a11c14s058,99dresses,,http://99dresses.com,01/01/2012,31/12/2012
a11c14s059,SendHub,www.sendhub.com,http://sendhub.com,01/01/2012,31/12/2012
a11c14s060,WireOver,www.wireover.com,http://www.wireover.com,01/01/2012,31/12/2012
a11c14s061,Zillabyte,www.zillabyte.com,http://www.zillabyte.com,01/01/2012,31/12/2012
a11c14s062,Install Monetizer,,http://www.InstallMonetizer.com,01/01/2012,31/12/2012
a11c14s063,Shoptiques,www.shoptiques.com,http://shoptiques.com,01/01/2012,31/12/2012
a11c14s064,Documents.me,,http://Documents.me,01/01/2012,31/12/2012
a11c14s065,Exec,www.iamexec.com,http://iamexec.com,01/01/2012,31/12/2012
a11c15s004,Hubchilla,,http://www.hubchilla.com,01/06/2012,01/06/2013
a11c15s005,TapIn,,http://www.tapin.tv,01/06/2012,01/06/2013
a11c15s006,Zapier,www.zapier.com,https://www.zapier.com,01/06/2012,01/06/2013
a11c15s007,Double Robotics,www.doublerobotics.com,http://www.doublerobotics.com,01/06/2012,01/06/2013
a11c15s009,DataNitro,www.datanitro.com,http://www.datanitro.com,01/06/2012,01/06/2013
a11c15s010,Scoutzie,www.scoutzie.com,http://www.scoutzie.com,01/06/2012,01/06/2013
a11c15s011,Testmunk,www.himom.me,http://testmunk.com/,01/06/2012,01/06/2013
a11c15s012,Celery,www.trycelery.com,http://www.trycelery.com,01/06/2012,01/06/2013
a11c15s014,LightTable,www.lighttable.com,http://www.lighttable.com,01/06/2012,01/06/2013
a11c15s015,BackerKit,www.backerkit.com,https://backerkit.com,01/06/2012,01/06/2013
a11c15s017,HipType,,http://www.hiptype.com,01/06/2012,01/06/2013
a11c15s019,Plivo,www.plivo.com,http://www.plivo.com,01/06/2012,01/06/2013
a11c15s020,Coco Controller,www.cococontroller.com,,01/06/2012,01/06/2013
a11c15s021,Parallel Universe,www.paralleluniverse.co,http://paralleluniverse.co,01/06/2012,01/06/2013
a11c15s022,Rainforest QA,www.rainforestqa.com,https://www.rainforestqa.com/,01/06/2012,01/06/2013
a11c15s023,Virool,www.virool.com,http://www.virool.com,01/06/2012,01/06/2013
a11c15s024,BufferBox,www.bufferbox.com,http://www.bufferbox.com,01/06/2012,01/06/2013
a11c15s025,Benchling,www.benchling.com,http://www.benchling.com,01/06/2012,01/06/2013
a11c15s026,FundersClub,www.fundersclub.com,http://fundersclub.com,01/06/2012,01/06/2013
a11c15s027,Partnered,www.partnered.com,http://www.partnered.com,01/06/2012,01/06/2013
a11c15s028,GetGoing,www.getgoing.com,http://www.getgoing.com,01/06/2012,01/06/2013
a11c15s029,BoostedBoards,,https://boostedusa.com/,01/06/2012,01/06/2013
a11c15s030,Keychain Logistics,www.keychainlogistics.com,https://www.keychainlogistics.com,01/06/2012,01/06/2013
a11c15s031,OctaveWealth,www.bigcalc.com,http://octavewealth.com,01/06/2012,01/06/2013
a11c15s032,ViaCycle,www.viacycle.com,http://www.viacycle.com,01/06/2012,01/06/2013
a11c15s033,Vastrm,www.vastrm.com,http://www.vastrm.com,01/06/2012,01/06/2013
a11c15s034,VoiceGem,www.voicegem.com,http://www.voicegem.com,01/06/2012,01/06/2013
a11c15s035,Zentail,,https://www.zentail.com/,01/06/2012,01/06/2013
a11c15s036,Dreamforge,,http://dreamforge.me,01/06/2012,01/06/2013
a11c15s037,Collections,www.collections.me,http://www.collections.me,01/06/2012,01/06/2013
a11c15s038,Instacart,www.instacart.com,https://www.instacart.com,01/06/2012,01/06/2013
a11c15s040,Submittable,www.submittable.com,http://www.submittable.com,01/06/2012,01/06/2013
a11c15s041,Canopy Labs,www.canopylabs.com,http://canopylabs.com,01/06/2012,01/06/2013
a11c15s042,Filestack,www.filestack.com,http://filestack.com,01/06/2012,01/06/2013
a11c15s043,LeanMarket,www.leanstartupmachine.com,https://www.leanstartupmachine.com/,01/06/2012,01/06/2013
a11c15s045,Kippt,www.kippt.com,http://kippt.com,01/06/2012,01/06/2013
a11c15s046,FlightFox,www.flightfox.com,http://flightfox.com,01/06/2012,01/06/2013
a11c15s047,Fullstack Academy,www.fullstackacademy.com,https://fullstackacademy.com,01/06/2012,01/06/2013
a11c15s048,9GAG,www.9gag.com,http://9gag.com,01/06/2012,01/06/2013
a11c15s049,Kamcord,www.kamcord.com,http://www.kamcord.com,01/06/2012,01/06/2013
a11c15s050,Crohnology,www.crohnology.com,http://crohnology.com,01/06/2012,01/06/2013
a11c15s052,Mattermost,www.mattermost.com,https://mattermost.com/,01/06/2012,01/06/2013
a11c15s053,MicroEval,,http://microeval.com,01/06/2012,01/06/2013
a11c15s055,Easel,www.easel.io,http://easel.io,01/06/2012,01/06/2013
a11c15s057,imgfave,www.imgfave.com,http://imgfave.com,01/06/2012,01/06/2013
a11c15s058,SpinPunch,,http://www.spinpunch.com,01/06/2012,01/06/2013
a11c15s059,Tastemaker,www.tastemaker.com,http://www.tastemaker.com,01/06/2012,01/06/2013
a11c15s060,Survata,www.upwave.com,,01/06/2012,01/06/2013
a11c15s061,Clever,www.clever.com,https://clever.com,01/06/2012,01/06/2013
a11c15s062,TomoGuides,,http://tomoguides.com,01/06/2012,01/06/2013
a11c15s063,Circular,,http://www.circularapp.com,01/06/2012,01/06/2013
a11c15s064,Health Sherpa,www.healthsherpa.com,https://www.healthsherpa.com/,01/06/2012,01/06/2013
a11c15s065,Eligible,www.eligible.com,https://www.eligible.com,01/06/2012,01/06/2013
a11c15s066,Streem,www.streem.com,,01/06/2012,01/06/2013
a11c15s067,StudyEdge,www.studyedge.com,http://www.studyedge.com,01/06/2012,01/06/2013
a11c15s068,Profig,,http://profig.com,01/06/2012,01/06/2013
a11c15s069,RegistryLove,www.registrylove.com,http://registrylove.com,01/06/2012,01/06/2013
a11c15s070,Markupwand,www.goyaka.com,http://www.goyaka.com,01/06/2012,01/06/2013
a11c15s071,Mattermark,www.mattermark.com,https://mattermark.com,01/06/2012,01/06/2013
a11c15s073,Mth Sense,www.mthsense.com,http://mthsense.com,01/06/2012,01/06/2013
a11c15s074,Newsblur,www.newsblur.com,http://newsblur.com,01/06/2012,01/06/2013
a11c15s075,Knowmia,www.knowmia.com,http://www.knowmia.com,01/06/2012,01/06/2013
a11c15s076,Everyday.me,,http://everyday.me,01/06/2012,01/06/2013
a11c15s078,Amicus,www.amicushq.com,http://amicushq.com,01/06/2012,01/06/2013
a11c15s079,SmartAsset,www.smartasset.com,https://smartasset.com/,01/06/2012,01/06/2013
a11c15s080,Svbtle,www.svbtle.com,http://svbtle.com,01/06/2012,01/06/2013
a11c15s081,QuicklyChat,www.quicklychat.com,http://www.quicklychat.com,01/06/2012,01/06/2013
a11c15s082,Statwing,www.statwing.com,http://www.statwing.com,01/06/2012,01/06/2013
a11c15s083,Lever,www.lever.co,https://www.lever.co/,01/06/2012,01/06/2013
a11c15s084,Coinbase,www.coinbase.com,http://www.coinbase.com,01/06/2012,01/06/2013
a11c15s085,Pixate,www.pixate.com,http://www.pixate.com,01/06/2012,01/06/2013
a11c15s086,Natero,www.natero.com,https://www.natero.com,01/06/2012,01/06/2013
a11c15s087,ReelSurfer,www.reelsurfer.com,http://www.reelsurfer.com,01/06/2012,01/06/2013
a11c16s001,BuildZoom,www.buildzoom.com,https://www.buildzoom.com,01/01/2013,01/01/2014
a11c16s002,BitNami,www.bitnami.com,https://bitnami.com,01/01/2013,01/01/2014
a11c16s003,Coin,www.onlycoin.com,https://onlycoin.com,01/01/2013,01/01/2014
a11c16s004,Prizeo,www.prizeo.com,http://www.prizeo.com,01/01/2013,01/01/2014
a11c16s005,Fivetran,www.fivetran.com,https://fivetran.com,01/01/2013,01/01/2014
a11c16s006,Posmetrics,www.posmetrics.com,http://posmetrics.com,01/01/2013,01/01/2014
a11c16s007,Terascore,www.terascore.com,http://www.terascore.com,01/01/2013,01/01/2014
a11c16s008,Teespring,www.spri.ng,https://www.spri.ng/,01/01/2013,01/01/2014
a11c16s009,Meldium,www.meldium.com,http://www.meldium.com,01/01/2013,01/01/2014
a11c16s011,Screenhero,www.screenhero.com,https://slack.com/intl/en-in,01/01/2013,01/01/2014
a11c16s012,Lawdingo,www.lawdingo.com,http://www.lawdingo.com,01/01/2013,01/01/2014
a11c16s013,Strikingly,,https://www.strike.com.au,01/01/2013,01/01/2014
a11c16s014,Padlet,www.padlet.com,http://padlet.com,01/01/2013,01/01/2014
a11c16s016,WeFunder,www.wefunder.com,http://www.wefunder.com,01/01/2013,01/01/2014
a11c16s017,VayCayHero,www.vaycayhero.com,http://www.vaycayhero.com/,01/01/2013,01/01/2014
a11c16s018,CrowdMed,www.crowdmed.com,http://www.crowdmed.com,01/01/2013,01/01/2014
a11c16s019,Etleap,www.etleap.com,https://etleap.com/,01/01/2013,01/01/2014
a11c16s020,SwapBox,www.swapbox.com,http://swapbox.com,01/01/2013,01/01/2014
a11c16s021,Skip,www.goradar.com,,01/01/2013,01/01/2014
a11c16s022,Semantics3,www.semantics3.com,http://www.semantics3.com,01/01/2013,01/01/2014
a11c16s023,StyleUp,www.thestyleup.com,http://thestyleup.com,01/01/2013,01/01/2014
a11c16s024,Heap Analytics,www.heap.io,https://heap.io,01/01/2013,01/01/2014
a11c16s026,Kalibrr,www.kalibrr.com,http://www.kalibrr.com,01/01/2013,01/01/2014
a11c16s027,InfluxData,www.influxdata.com,http://influxdata.com/,01/01/2013,01/01/2014
a11c16s028,SimplyInsured,www.simplyinsured.com,http://www.simplyinsured.com,01/01/2013,01/01/2014
a11c16s029,Pantelligent,www.circuitlab.com,http://www.pantelligent.com/,01/01/2013,01/01/2014
a11c16s030,Airware,www.airware.com,https://www.airware.com,01/01/2013,01/01/2014
a11c16s031,Experiment,www.experiment.com,http://www.experiment.com,01/01/2013,01/01/2014
a11c16s032,Medisas,www.medisas.com,http://www.medisas.com,01/01/2013,01/01/2014
a11c16s033,Thalmic Labs (Myo),www.bynorth.com,https://www.bynorth.com/,01/01/2013,01/01/2014
a11c16s034,Zenefits,www.zenefits.com,http://www.zenefits.com,01/01/2013,01/01/2014
a11c16s035,Swish,www.swish.com,https://www.swish.nu,01/01/2013,01/01/2014
a11c16s037,PayTango,www.paytango.com,http://paytango.com,01/01/2013,01/01/2014
a11c16s038,Lollipuff,www.lollipuff.com,http://www.lollipuff.com,01/01/2013,01/01/2014
a11c16s041,Goldbely,www.goldbelly.com,,01/01/2013,01/01/2014
a11c16s043,Watsi,www.watsi.org,http://watsi.org,01/01/2013,01/01/2014
a11c16s044,6sense,www.6sense.com,http://www.6sense.com,01/01/2013,01/01/2014
a11c16s045,MedXT,www.medxt.com,https://www.medxt.com,01/01/2013,01/01/2014
a11c16s047,Wevorce,www.wevorce.com,https://www.wevorce.com,01/01/2013,01/01/2014
a11c16s048,Errplane,,http://errplane.com,01/01/2013,01/01/2014
a11c17s001,Bop.fm,www.bop.fm,http://www.bop.fm,01/06/2013,01/06/2014
a11c17s002,Casetext,www.casetext.com,http://www.casetext.com,01/06/2013,01/06/2014
a11c17s003,imHome,www.imhomeapp.com,https://imhomeapp.com/,01/06/2013,01/06/2014
a11c17s004,Toutpost,www.toutpost.com,http://www.toutpost.com,01/06/2013,01/06/2014
a11c17s005,URX,www.urx.com,http://urx.com,01/06/2013,01/06/2014
a11c17s006,Layer by Layer,www.layerbylayer.com,http://www.layerbylayer.com/,01/06/2013,01/06/2014
a11c17s008,SimpleLegal,www.simplelegal.com,https://www.simplelegal.com/,01/06/2013,01/06/2014
a11c17s009,Reebee,www.reebee.com,http://reebee.com,01/06/2013,01/06/2014
a11c17s010,Webflow,www.webflow.com,http://www.webflow.com,01/06/2013,01/06/2014
a11c17s011,LocalOn,www.localon.com,http://www.localon.com,01/06/2013,01/06/2014
a11c17s012,Regalii,www.arcusfi.com,https://www.arcusfi.com,01/06/2013,01/06/2014
a11c17s013,Floobits,www.floobits.com,http://floobits.com,01/06/2013,01/06/2014
a11c17s014,GoComm,www.gocomm.com,http://gocomm.com,01/06/2013,01/06/2014
a11c17s015,Bloomthat,www.bloomthat.com,http://www.bloomthat.com,01/06/2013,01/06/2014
a11c17s016,Butter Systems,www.buttersystems.com,http://buttersystems.com,01/06/2013,01/06/2014
a11c17s017,RealCrowd,www.realcrowd.com,http://www.realcrowd.com,01/06/2013,01/06/2014
a11c17s019,Crowdery,www.crowdery.com,http://www.crowdery.com/,01/06/2013,01/06/2014
a11c17s020,CoreOS,www.coreos.com,http://coreos.com,01/06/2013,01/06/2014
a11c17s021,Amulyte,www.amulyte.com,http://www.amulyte.com,01/06/2013,01/06/2014
a11c17s022,Teleborder,www.teleborder.com,https://www.trinet.com,01/06/2013,01/06/2014
a11c17s023,Echo Locker,www.echolocker.com,,01/06/2013,01/06/2014
a11c17s025,Buttercoin,www.buttercoin.com,http://buttercoin.com,01/06/2013,01/06/2014
a11c17s026,Watchsend,www.watchsend.com,http://watchsend.com,01/06/2013,01/06/2014
a11c17s027,Le Tote,www.letote.com,http://www.letote.com,01/06/2013,01/06/2014
a11c17s028,Hackermeter,www.hackermeter.com,http://www.hackermeter.com,01/06/2013,01/06/2014
a11c17s029,Kivo,www.kivo.com,http://www.kivo.com,01/06/2013,01/06/2014
a11c17s030,DataRank,www.datarank.com,http://www.datarank.com/,01/06/2013,01/06/2014
a11c17s031,Panorama Education,www.panoramaed.com,http://panoramaed.com,01/06/2013,01/06/2014
a11c17s032,Standard Treasury,www.standardtreasury.com,http://standardtreasury.com,01/06/2013,01/06/2014
a11c17s033,Jerpix,,http://jerpix.com,01/06/2013,01/06/2014
a11c17s034,Estimote,www.estimote.com,http://www.estimote.com,01/06/2013,01/06/2014
a11c17s035,Glio,www.glio.com,https://glio.com,01/06/2013,01/06/2014
a11c17s036,ixi-play,,http://ixiplay.com,01/06/2013,01/06/2014
a11c17s037,One Month Rails,www.onemonth.com,http://onemonth.com,01/06/2013,01/06/2014
a11c17s038,SoundFocus,www.soundfocus.com,http://www.soundfocus.com,01/06/2013,01/06/2014
a11c17s039,Prim,,,01/06/2013,01/06/2014
a11c17s040,DoorDash,www.doordash.com,http://www.doordash.com,01/06/2013,01/06/2014
a11c17s041,Graft Concepts,www.graftconcepts.com,http://www.graftconcepts.com,01/06/2013,01/06/2014
a11c17s042,SpoonRocket,,http://www.spoonrocket.com,01/06/2013,01/06/2014
a11c17s043,CrateJoy,www.cratejoy.com,http://www.cratejoy.com,01/06/2013,01/06/2014
a11c17s044,Asseta,www.asseta.com,http://www.asseta.com,01/06/2013,01/06/2014
a11c17s045,Senic,www.senic.com,http://www.senic.com,01/06/2013,01/06/2014
a11c17s046,Lumoid,www.lumoid.com,http://lumoid.com,01/06/2013,01/06/2014
a11c17s047,EasyPost,www.easypost.com,http://www.easypost.com,01/06/2013,01/06/2014
a11c17s048,Meta Space Glasses,,http://www.metavision.com/,01/06/2013,01/06/2014
a11c17s049,True Link Financial,www.truelinkfinancial.com,https://www.truelinkfinancial.com,01/06/2013,01/06/2014
a11c17s050,Weilos,www.weilos.com,http://weilos.com,01/06/2013,01/06/2014
a11c17s051,Apptimize,www.apptimize.com,http://apptimize.com,01/06/2013,01/06/2014
a11c17s052,FanHero,www.fanhero.com,http://www.fanhero.com,01/06/2013,01/06/2014
a11c17s053,Hum,www.letshum.com,http://www.letshum.com/,01/06/2013,01/06/2014
a11c17s054,Lob,www.lob.com,https://lob.com,01/06/2013,01/06/2014
a11c17s055,StatusPage,www.statuspage.io,http://www.statuspage.io,01/06/2013,01/06/2014
a11c18s001,Move Loot,www.moveloot.com,http://moveloot.com,01/01/2014,01/01/2015
a11c18s002,Povio,,https://povio.com/,01/01/2014,01/01/2015
a11c18s003,Weave Communications,www.getweave.com,http://www.getweave.com,01/01/2014,01/01/2015
a11c18s004,StackLead,www.stacklead.com,https://stacklead.com,01/01/2014,01/01/2015
a11c18s005,PipelineDB,www.pipelinedb.com,https://www.pipelinedb.com,01/01/2014,01/01/2015
a11c18s006,Next Caller,www.nextcaller.com,http://nextcaller.com,01/01/2014,01/01/2015
a11c18s007,Eventjoy,www.eventjoy.com,http://eventjoy.com,01/01/2014,01/01/2015
a11c18s009,TrueVault,www.truevault.com,https://www.truevault.com,01/01/2014,01/01/2015
a11c18s010,Kuna Systems,www.getkuna.com,http://www.getkuna.com,01/01/2014,01/01/2015
a11c18s011,Chargehound,www.chargehound.com,https://www.chargehound.com/,01/01/2014,01/01/2015
a11c18s012,OpenCurriculum,www.opencurriculum.org,https://opencurriculum.org,01/01/2014,01/01/2015
a11c18s013,Shoobs,www.shoobs.com,http://shoobs.com,01/01/2014,01/01/2015
a11c18s014,Gobble,www.gobble.com,http://gobble.com,01/01/2014,01/01/2015
a11c18s015,TradeBlock,,http://tradeblock.com,01/01/2014,01/01/2015
a11c18s016,Theorem LP,www.theoremlp.com,http://www.theoremlp.com,01/01/2014,01/01/2015
a11c18s017,Framed Data,www.framed.io,http://www.framed.io,01/01/2014,01/01/2015
a11c18s018,Abacus,www.abacus.com,https://www.abacus.com,01/01/2014,01/01/2015
a11c18s019,AirPair,www.airpair.com,http://www.airpair.com,01/01/2014,01/01/2015
a11c18s020,Cruise,www.getcruise.com,http://www.getcruise.com,01/01/2014,01/01/2015
a11c18s021,Flexport,www.flexport.com,https://www.flexport.com/,01/01/2014,01/01/2015
a11c18s024,SketchDeck,www.sketchdeck.com,http://sketchdeck.com,01/01/2014,01/01/2015
a11c18s027,Immunity Project,www.immunityproject.org,http://www.immunityproject.org,01/01/2014,01/01/2015
a11c18s028,Two Tap,www.twotap.com,http://twotap.com,01/01/2014,01/01/2015
a11c18s029,HoverChat,,http://hoverchat.com,01/01/2014,01/01/2015
a11c18s030,Style Lend,www.stylelend.com,http://stylelend.com,01/01/2014,01/01/2015
a11c18s032,CodeNow,www.codenow.org,http://codenow.org,01/01/2014,01/01/2015
a11c18s034,Zidisha,www.zidisha.org,http://www.zidisha.org,01/01/2014,01/01/2015
a11c18s035,Liftignighter,www.liftigniter.com,http://www.liftigniter.com/,01/01/2014,01/01/2015
a11c18s036,Taplytics,www.taplytics.com,http://taplytics.com,01/01/2014,01/01/2015
a11c18s037,FutureLeague,www.futureleague.co,http://www.futureleague.co,01/01/2014,01/01/2015
a11c18s038,Cambly,www.cambly.com,http://cambly.com,01/01/2014,01/01/2015
a11c18s039,Boostable,,http://www.boostable.com,01/01/2014,01/01/2015
a11c18s041,Orankl,www.orankl.com,http://www.orankl.com,01/01/2014,01/01/2015
a11c18s042,Minuum,,http://minuum.com,01/01/2014,01/01/2015
a11c18s043,TerrAvion,www.terravion.com,http://www.terravion.com,01/01/2014,01/01/2015
a11c18s044,AptDeco,www.aptdeco.com,http://www.aptdeco.com,01/01/2014,01/01/2015
a11c18s045,MerryMint,www.merrymint.co,http://www.merrymint.co/,01/01/2014,01/01/2015
a11c18s046,MixerBox,www.mixerbox.com,http://www.mixerbox.com,01/01/2014,01/01/2015
a11c18s047,Zinc,,http://zincsave.com,01/01/2014,01/01/2015
a11c18s048,Beacon,,http://www.beaconreader.com,01/01/2014,01/01/2015
a11c18s049,ZowPow,www.zowpow.com,http://zowpow.com,01/01/2014,01/01/2015
a11c18s050,Vidpresso,www.vidpresso.com,http://www.vidpresso.com,01/01/2014,01/01/2015
a11c18s051,Kimono,www.kimonolabs.com,http://www.kimonolabs.com/,01/01/2014,01/01/2015
a11c18s052,Motionlead,,http://motionlead.com,01/01/2014,01/01/2015
a11c18s053,Noora Health,www.noorahealth.org,http://www.noorahealth.org,01/01/2014,01/01/2015
a11c18s054,Threadable,www.threadable.com,http://threadable.com,01/01/2014,01/01/2015
a11c18s055,Guesty,www.guesty.com,,01/01/2014,01/01/2015
a11c18s056,Memebox,,http://us.memebox.com,01/01/2014,01/01/2015
a11c18s057,CodeCombat,www.codecombat.com,https://codecombat.com,01/01/2014,01/01/2015
a11c18s058,AirHelp,www.airhelp.com,http://www.airhelp.com,01/01/2014,01/01/2015
a11c18s059,CareMessage,www.caremessage.org,http://caremessage.org,01/01/2014,01/01/2015
a11c18s060,Zesty,www.zesty.co.uk,https://inductionhealthcare.com,01/01/2014,01/01/2015
a11c18s061,Bellabeat,www.bellabeat.com,http://www.bellabeat.com,01/01/2014,01/01/2015
a11c18s062,Wit.ai,www.wit.ai,https://www.wit.ai/,01/01/2014,01/01/2015
a11c18s063,Algolia,www.algolia.com,https://www.algolia.com,01/01/2014,01/01/2015
a11c18s064,Dating Ring,www.datingring.com,http://www.datingring.com,01/01/2014,01/01/2015
a11c18s065,One Degree,,http://www.1deg.org,01/01/2014,01/01/2015
a11c18s066,Gbatteries,www.gbatteries.com,http://www.gbatteries.com,01/01/2014,01/01/2015
a11c18s067,Snapdocs,www.snapdocs.com,http://www.snapdocs.com,01/01/2014,01/01/2015
a11c18s068,Pushbullet,www.pushbullet.com,http://www.pushbullet.com,01/01/2014,01/01/2015
a11c18s069,MadeSolid,www.madesolid.com,https://madesolid.com,01/01/2014,01/01/2015
a11c18s070,Unbabel,www.unbabel.com,https://unbabel.com,01/01/2014,01/01/2015
a11c18s071,Rickshaw,www.gorickshaw.com,https://gorickshaw.com,01/01/2014,01/01/2015
a11c18s072,Piinpoint,www.piinpoint.com,http://www.piinpoint.com,01/01/2014,01/01/2015
a11c18s073,Edyn,www.edyn.com,http://www.edyn.com/,01/01/2014,01/01/2015
a11c18s075,Rocketrip,www.rocketrip.com,https://www.rocketrip.com,01/01/2014,01/01/2015
a11c19s001,Fixed,,https://www.fixedlaw.com,01/06/2014,01/06/2015
a11c19s002,Vatler,www.vatler.com,http://www.vatler.com/,01/06/2014,01/06/2015
a11c19s003,Nightingale,www.nightingaleapp.com,http://www.nightingaleapp.com,01/06/2014,01/06/2015
a11c19s004,Flynn,,https://flynn.io/,01/06/2014,01/06/2015
a11c19s005,ClearTax,,http://cleartax.in/,01/06/2014,01/06/2015
a11c19s006,San Francisco Open Exchange,www.sfox.com,https://www.sfox.com/,01/06/2014,01/06/2015
a11c19s008,Ravti,www.ravti.com,https://www.buildingengines.com/,01/06/2014,01/06/2015
a11c19s009,Color Dating,www.colordatingapp.com,http://www.colordatingapp.com,01/06/2014,01/06/2015
a11c19s011,Aptible,www.aptible.com,https://www.aptible.com,01/06/2014,01/06/2015
a11c19s012,Kash,www.withkash.com,http://withkash.com/,01/06/2014,01/06/2015
a11c19s013,Front,,https://front.com,01/06/2014,01/06/2015
a11c19s014,Roomstorm,www.roomstorm.com,http://www.roomstorm.com,01/06/2014,01/06/2015
a11c19s015,Craft Coffee,www.craftcoffee.com,https://www.craftcoffee.com/,01/06/2014,01/06/2015
a11c19s016,Naytev,www.naytev.com,https://www.naytev.com,01/06/2014,01/06/2015
a11c19s017,Helion Energy,www.helionenergy.com,http://www.helionenergy.com,01/06/2014,01/06/2015
a11c19s018,Carlypso,www.carlypso.com,http://www.carlypso.com,01/06/2014,01/06/2015
a11c19s019,Replenish,www.getreplenish.com,https://getreplenish.com/,01/06/2014,01/06/2015
a11c19s020,Vizera Labs,www.vizeralabs.com,http://www.vizeralabs.com/,01/06/2014,01/06/2015
a11c19s021,ListRunner,,https://listrunnerapp.com/,01/06/2014,01/06/2015
a11c19s022,ShipBob,www.shipbob.com,http://www.shipbob.com,01/06/2014,01/06/2015
a11c19s023,Whirl,www.getwhirl.com,http://getwhirl.com,01/06/2014,01/06/2015
a11c19s024,Paid,,https://www.paidlabs.com/,01/06/2014,01/06/2015
a11c19s027,Alchemy,www.alchemynano.com,,01/06/2014,01/06/2015
a11c19s028,Greentoe,www.greentoe.com,http://www.greentoe.com,01/06/2014,01/06/2015
a11c19s029,Clara Labs,www.claralabs.com,http://www.claralabs.com/,01/06/2014,01/06/2015
a11c19s030,Rigetti Computing,www.rigetti.com,http://www.rigetti.com/,01/06/2014,01/06/2015
a11c19s031,ProductHunt,www.producthunt.com,http://www.producthunt.com,01/06/2014,01/06/2015
a11c19s032,TAXA Biotechnologies,www.taxa.com,http://www.taxa.com,01/06/2014,01/06/2015
a11c19s033,Payable,www.payable.com,https://support.stripe.com,01/06/2014,01/06/2015
a11c19s034,Ginko Bioworks,www.ginkgobioworks.com,http://ginkgobioworks.com,01/06/2014,01/06/2015
a11c19s035,HauteDay,www.hauteday.com,http://hauteday.com/,01/06/2014,01/06/2015
a11c19s037,BitAccess,,https://www.bitaccess.ca,01/06/2014,01/06/2015
a11c19s038,Beep,,http://www.beepnetworks.com,01/06/2014,01/06/2015
a11c19s040,Lawn Love,www.lawnlove.com,http://lawnlove.com/,01/06/2014,01/06/2015
a11c19s041,Women.com,www.women.com,https://www.women.com,01/06/2014,01/06/2015
a11c19s042,LeadFinch,,https://salessift.com/,01/06/2014,01/06/2015
a11c19s043,Tenjin,,http://tenjin.io/,01/06/2014,01/06/2015
a11c19s044,Oklo,www.oklo.com,,01/06/2014,01/06/2015
a11c19s045,Roost,www.goroost.com,https://goroost.com/,01/06/2014,01/06/2015
a11c19s046,Hive,www.hive.co,https://www.hive.co,01/06/2014,01/06/2015
a11c19s050,Permutive,www.permutive.com,http://www.permutive.com,01/06/2014,01/06/2015
a11c19s051,PicnicHealth,www.picnichealth.com,https://picnichealth.com/,01/06/2014,01/06/2015
a11c19s052,Shout,,http://UseShout.com,01/06/2014,01/06/2015
a11c19s054,Weave,www.weave.in,http://weave.in,01/06/2014,01/06/2015
a11c19s055,In Your Corner,www.inyourcorneronline.com,http://www.inyourcorneronline.com,01/06/2014,01/06/2015
a11c19s056,Zenamins,www.zenamins.com,http://zenamins.com/,01/06/2014,01/06/2015
a11c19s058,Checkr,www.checkr.com,https://checkr.com,01/06/2014,01/06/2015
a11c19s059,Zoomer,www.zoomerdelivery.com,http://www.zoomerdelivery.com,01/06/2014,01/06/2015
a11c19s061,MetricWire,www.metricwire.com,http://metricwire.com,01/06/2014,01/06/2015
a11c19s062,Spot Angels,www.spotangels.com,https://www.spotangels.com/,01/06/2014,01/06/2015
a11c19s063,One Codex,www.onecodex.com,https://onecodex.com/,01/06/2014,01/06/2015
a11c19s064,Bikanta,www.bikanta.com,http://bikanta.com/,01/06/2014,01/06/2015
a11c19s065,Shift Payments,www.aptopayments.com,https://www.aptopayments.com/,01/06/2014,01/06/2015
a11c19s066,Flytenow,www.flytenow.com,http://www.flytenow.com,01/06/2014,01/06/2015
a11c19s067,UserGems,www.usergems.com,https://www.usergems.com/,01/06/2014,01/06/2015
a11c19s068,Sliced Investing,www.slicedinvesting.com,http://www.slicedinvesting.com/,01/06/2014,01/06/2015
a11c19s069,Neptune.io,www.neptune.io,http://www.neptune.io,01/06/2014,01/06/2015
a11c19s070,Think Gaming,www.thinkgaming.com,http://thinkgaming.com,01/06/2014,01/06/2015
a11c19s071,Protocol Labs,,https://protocol.ai/,01/06/2014,01/06/2015
a11c19s072,MTailor,www.mtailor.com,http://mtailor.com,01/06/2014,01/06/2015
a11c19s073,Zip Phone,www.zipphone.com,,01/06/2014,01/06/2015
a11c19s075,PersistIQ,www.persistiq.com,http://persistiq.com/,01/06/2014,01/06/2015
a11c19s076,BlockSpring,www.blockspring.com,https://www.blockspring.com/,01/06/2014,01/06/2015
a11c19s077,Doblet,www.doblet.com,http://doblet.com,01/06/2014,01/06/2015
a11c19s078,Hublo,www.hublo.com,https://www.hublo.com,01/06/2014,01/06/2015
a11c19s079,Bannerman,www.bannerman.com,http://bannerman.com,01/06/2014,01/06/2015
a11c19s080,Impraise,www.impraise.com,http://www.impraise.com,01/06/2014,01/06/2015
a11c19s081,Backpack,,https://backpackbang.com,01/06/2014,01/06/2015
a11c19s082,Tule,,https://www.tuletechnologies.com/,01/06/2014,01/06/2015
a11c19s083,Bayes Impact,www.bayesimpact.org,http://www.bayesimpact.org,01/06/2014,01/06/2015
a11c19s084,Parenthoods,www.parenthoods.com,http://parenthoods.com/,01/06/2014,01/06/2015
a11c19s085,Zen99,www.tryzen99.com,https://www.tryzen99.com/,01/06/2014,01/06/2015
a11c19s086,Flaviar,www.flaviar.com,http://flaviar.com,01/06/2014,01/06/2015
a11c20s001,MashGin,www.mashgin.com,http://www.mashgin.com,01/01/2015,01/01/2016
a11c20s002,Smarking,www.smarking.com,https://smarking.com,01/01/2015,01/01/2016
a11c20s003,Vest,www.cboevest.com,https://www.cboevest.com/,01/01/2015,01/01/2016
a11c20s004,Democracy Earth,www.democracy.earth,http://democracy.earth/,01/01/2015,01/01/2016
a11c20s005,BuildScience,www.buildscience.com,http://buildscience.com/,01/01/2015,01/01/2016
a11c20s007,InsiteVR,,https://www.insitevr.com/,01/01/2015,01/01/2016
a11c20s008,HigherMe,www.higherme.com,http://www.higherme.com/,01/01/2015,01/01/2016
a11c20s010,Level,www.levelframes.com,https://www.levelframes.com/,01/01/2015,01/01/2016
a11c20s011,BlueSmart,www.bluesmart.com,http://bluesmart.com/,01/01/2015,01/01/2016
a11c20s012,KickPay,www.kickpay.com,http://kickpay.com,01/01/2015,01/01/2016
a11c20s013,Rescue Forensics,www.rescueforensics.com,http://www.rescueforensics.com/,01/01/2015,01/01/2016
a11c20s014,analyticsMD,www.qventus.com,http://www.qventus.com,01/01/2015,01/01/2016
a11c20s015,ReSchedule,www.reschedulemed.com,http://reschedulemed.com,01/01/2015,01/01/2016
a11c20s016,eBrandValue,www.ebrandvalue.com,http://www.ebrandvalue.com,01/01/2015,01/01/2016
a11c20s017,Transcriptic,www.strateos.com,http://www.strateos.com,01/01/2015,01/01/2016
a11c20s018,Vanhawks,www.vanhawks.com,http://www.vanhawks.com/,01/01/2015,01/01/2016
a11c20s019,SigOpt,www.sigopt.com,https://sigopt.com/,01/01/2015,01/01/2016
a11c20s020,Atomwise,www.atomwise.com,http://www.atomwise.com,01/01/2015,01/01/2016
a11c20s024,Booktrope,www.booktrope.com,http://booktrope.com,01/01/2015,01/01/2016
a11c20s025,Industrial Microbes,www.imicrobes.com,http://imicrobes.com,01/01/2015,01/01/2016
a11c20s026,SIRUM,www.sirum.org,https://sirum.org/,01/01/2015,01/01/2016
a11c20s027,Magic,www.getmagic.com,https://www.getmagic.com/,01/01/2015,01/01/2016
a11c20s028,Lully,www.lullysleep.com,http://www.lullysleep.com/,01/01/2015,01/01/2016
a11c20s029,Trackin,,http://trackin.co/,01/01/2015,01/01/2016
a11c20s030,WayUp,www.wayup.com,https://www.wayup.com,01/01/2015,01/01/2016
a11c20s031,SmartHires,www.smarthires.io,http://www.smarthires.io,01/01/2015,01/01/2016
a11c20s032,TheMidGame,,https://www.themidgame.com,01/01/2015,01/01/2016
a11c20s033,Automate Ads,,https://tryadhawk.com,01/01/2015,01/01/2016
a11c20s034,Tech in Asia,,https://www.techinasia.com/,01/01/2015,01/01/2016
a11c20s035,Chariot,www.chariot.com,https://www.chariot.com,01/01/2015,01/01/2016
a11c20s036,Lumi,www.lumi.com,https://www.lumi.com/,01/01/2015,01/01/2016
a11c20s038,Diassess,www.lucirahealth.com,https://www.lucirahealth.com,01/01/2015,01/01/2016
a11c20s039,CloudMedX,www.cloudmedxhealth.com,http://www.cloudmedxhealth.com,01/01/2015,01/01/2016
a11c20s041,VetPronto,www.vetpronto.com,http://vetpronto.com/,01/01/2015,01/01/2016
a11c20s044,Filp,www.justflip.com,http://www.justflip.com/,01/01/2015,01/01/2016
a11c20s045,GrubMarket,www.grubmarket.com,https://www.grubmarket.com,01/01/2015,01/01/2016
a11c20s046,Cinder,,http://www.cindercooks.com,01/01/2015,01/01/2016
a11c20s047,Pigeonly,www.pigeonly.com,http://www.pigeonly.com,01/01/2015,01/01/2016
a11c20s048,ThinAir,www.thinair.com,http://thinair.com,01/01/2015,01/01/2016
a11c20s050,Spoil,,http://spoil.co/app,01/01/2015,01/01/2016
a11c20s051,Shift Messenger,www.shiftmessenger.com,http://www.shiftmessenger.com/,01/01/2015,01/01/2016
a11c20s052,Dealyze,www.dealyze.com,http://dealyze.com,01/01/2015,01/01/2016
a11c20s053,Seed,www.seed.co,https://seed.co/,01/01/2015,01/01/2016
a11c20s054,Meadow,,https://getmeadow.com,01/01/2015,01/01/2016
a11c20s055,Pakible,www.pakible.com,https://pakible.com,01/01/2015,01/01/2016
a11c20s056,Luka,www.replika.ai,https://replika.ai/,01/01/2015,01/01/2016
a11c20s057,Akido Labs,www.akidolabs.com,https://www.akidolabs.com,01/01/2015,01/01/2016
a11c20s058,TaskPipes,,https://taskpipes.com,01/01/2015,01/01/2016
a11c20s059,Slidemail,,http://www.slidemailapp.com,01/01/2015,01/01/2016
a11c20s060,Underground Cellar,www.undergroundcellar.com,http://www.undergroundcellar.com,01/01/2015,01/01/2016
a11c20s061,20n,www.20n.com,http://20n.com/,01/01/2015,01/01/2016
a11c20s063,Standard Cyborg,www.standardcyborg.com,http://standardcyborg.com,01/01/2015,01/01/2016
a11c20s064,ReadMe,www.readme.com,http://www.readme.com,01/01/2015,01/01/2016
a11c20s065,Bonfire,www.gobonfire.com,http://gobonfire.com/,01/01/2015,01/01/2016
a11c20s066,Direct Match,www.directmatch.com,http://www.directmatch.com,01/01/2015,01/01/2016
a11c20s067,EquipmentShare,www.equipmentshare.com,,01/01/2015,01/01/2016
a11c20s068,NexTravel,www.nextravel.com,https://www.nextravel.com,01/01/2015,01/01/2016
a11c20s070,Giveffect,www.giveffect.com,https://www.giveffect.com/,01/01/2015,01/01/2016
a11c20s071,Treeline,,https://sailsjs.com/about,01/01/2015,01/01/2016
a11c20s072,Bright,www.brightnetwork.co.uk,https://www.brightnetwork.co.uk,01/01/2015,01/01/2016
a11c20s074,Vertical,www.placenote.com,https://placenote.com,01/01/2015,01/01/2016
a11c20s075,Popular Pays,www.popularpays.com,http://www.popularpays.com,01/01/2015,01/01/2016
a11c20s076,Spire,www.spirehealth.com,http://spirehealth.com,01/01/2015,01/01/2016
a11c20s077,Spark Gift,www.sparkgift.com,http://sparkgift.com,01/01/2015,01/01/2016
a11c20s078,TeamNote,www.teamnoteapp.com,http://www.teamnoteapp.com/,01/01/2015,01/01/2016
a11c20s079,Moltin,www.moltin.com,https://moltin.com,01/01/2015,01/01/2016
a11c20s081,TARA,www.tara.ai,https://tara.ai/,01/01/2015,01/01/2016
a11c20s082,Paperspace,www.paperspace.com,https://www.paperspace.com,01/01/2015,01/01/2016
a11c20s083,GitLab,,http://about.gitlab.com,01/01/2015,01/01/2016
a11c20s084,Remix,www.remix.com,https://www.remix.com/,01/01/2015,01/01/2016
a11c20s085,Zenflow,www.zenflow.com,http://zenflow.com,01/01/2015,01/01/2016
a11c20s087,Pretty Instant,www.prettyinstant.com,https://prettyinstant.com,01/01/2015,01/01/2016
a11c20s088,Raven Tech,,https://raventech.cn/,01/01/2015,01/01/2016
a11c20s089,Kickback,www.kickback.com,http://kickback.com,01/01/2015,01/01/2016
a11c20s090,Open Listings,www.openlistings.com,https://goodbye-ol.opendoor.com,01/01/2015,01/01/2016
a11c20s092,ShiftLabs,www.shiftlabs.com,http://shiftlabs.com,01/01/2015,01/01/2016
a11c20s093,Notable Labs,www.notablelabs.com,http://www.notablelabs.com,01/01/2015,01/01/2016
a11c20s094,Razorpay,www.razorpay.com,https://razorpay.com/,01/01/2015,01/01/2016
a11c20s095,Cleanly,www.bynext.co,https://www.cleanly.com,01/01/2015,01/01/2016
a11c20s098,Pomello,www.pomello.com,https://www.pomello.com/,01/01/2015,01/01/2016
a11c20s099,GroupAhead,www.groupahead.com,http://groupahead.com,01/01/2015,01/01/2016
a11c20s100,Omniref,www.omniref.com,http://www.omniref.com,01/01/2015,01/01/2016
a11c20s101,Bankjoy,www.bankjoy.com,https://bankjoy.com/,01/01/2015,01/01/2016
a11c20s103,Platzi,www.platzi.com,https://platzi.com,01/01/2015,01/01/2016
a11c20s105,Priime,www.priime.com,http://priime.com,01/01/2015,01/01/2016
a11c20s106,WorkLife,www.worklife.com,https://www.worklife.com,01/01/2015,01/01/2016
a11c20s108,Outbound,www.outbound.io,https://outbound.io,01/01/2015,01/01/2016
a11c20s109,Pachyderm,www.pachyderm.com,https://www.pachyderm.com,01/01/2015,01/01/2016
a11c20s110,GiveMeTap,www.givemetap.com,http://www.givemetap.com,01/01/2015,01/01/2016
a11c20s111,LogDNA,,https://logdna.com,01/01/2015,01/01/2016
a11c20s112,Yhat,,http://yhathq.com,01/01/2015,01/01/2016
a11c20s113,DroneBase,,http://www.dronebase.com,01/01/2015,01/01/2016
a11c21s001,VIVE,www.vive.co,,01/06/2015,31/05/2016
a11c21s002,Ohm,www.getohm.com,http://www.getohm.com/,01/06/2015,31/05/2016
a11c21s003,AppCanary,www.appcanary.com,https://appcanary.com/,01/06/2015,31/05/2016
a11c21s004,New Story Charity,www.newstorycharity.org,http://newstorycharity.org,01/06/2015,31/05/2016
a11c21s005,Scentbird,www.scentbird.com,http://scentbird.com,01/06/2015,31/05/2016
a11c21s006,Xfers,www.xfers.com,http://www.xfers.com,01/06/2015,31/05/2016
a11c21s007,Gravitational,www.goteleport.com,http://goteleport.com/,01/06/2015,31/05/2016
a11c21s008,Confident Cannibas,www.confidentcannabis.com,http://www.confidentcannabis.com/,01/06/2015,31/05/2016
a11c21s009,Nebia,www.nebia.com,http://nebia.com,01/06/2015,31/05/2016
a11c21s010,PlateIQ,www.plateiq.com,http://plateiq.com,01/06/2015,31/05/2016
a11c21s011,Bistrobot,www.bistrobot.com,https://www.bistrobot.com,01/06/2015,31/05/2016
a11c21s013,Ironclad,www.ironcladapp.com,https://www.ironcladapp.com/,01/06/2015,31/05/2016
a11c21s014,Open Invest,,https://www.openinvest.com,01/06/2015,31/05/2016
a11c21s015,Assembly,www.assembly.com,https://assembly.com,01/06/2015,31/05/2016
a11c21s016,Auro Robotics,www.auro.ai,http://www.auro.ai,01/06/2015,31/05/2016
a11c21s017,Serica,www.sericapay.com,https://sericapay.com/,01/06/2015,31/05/2016
a11c21s018,Captain 401,www.humaninterest.com,,01/06/2015,31/05/2016
a11c21s019,Verge Genomics,www.vergegenomics.com,http://www.vergegenomics.com,01/06/2015,31/05/2016
a11c21s020,CareLedger,www.careledger.com,http://www.careledger.com,01/06/2015,31/05/2016
a11c21s021,Sywork,www.sywork.tv,https://sywork.tv,01/06/2015,31/05/2016
a11c21s022,GovPredict,,https://govpredict.com,01/06/2015,31/05/2016
a11c21s023,Drip Capital,www.dripcapital.com,https://www.dripcapital.com/,01/06/2015,31/05/2016
a11c21s024,Afrostream,www.afrostream.tv,https://afrostream.tv/,01/06/2015,31/05/2016
a11c21s025,Shotput,,http://www.shotput.com/,01/06/2015,31/05/2016
a11c21s026,Willing,www.willing.com,http://willing.com/,01/06/2015,31/05/2016
a11c21s027,Supply,,http://www.madebysupply.com/,01/06/2015,31/05/2016
a11c21s028,Vernox Labs,www.vernox.io,https://www.vernox.io,01/06/2015,31/05/2016
a11c21s030,ROSS Intelligence,www.rossintelligence.com,https://blog.rossintelligence.com,01/06/2015,31/05/2016
a11c21s032,Jopwell,www.jopwell.com,http://www.jopwell.com,01/06/2015,31/05/2016
a11c21s033,Sphere Secure Workplace,www.sphere.works,http://www.sphere.works,01/06/2015,31/05/2016
a11c21s036,TetraScience,www.tetrascience.com,http://www.tetrascience.com,01/06/2015,31/05/2016
a11c21s037,Gigster,www.gigster.com,https://gigster.com/,01/06/2015,31/05/2016
a11c21s038,Cofactor Genomics,www.cofactorgenomics.com,http://cofactorgenomics.com,01/06/2015,31/05/2016
a11c21s039,GrowSumo,,https://www.PartnerStack.com,01/06/2015,31/05/2016
a11c21s040,Circle Medical,www.circlemedical.com,http://circlemedical.com/,01/06/2015,31/05/2016
a11c21s041,Heroic Labs,www.heroiclabs.com,https://heroiclabs.com,01/06/2015,31/05/2016
a11c21s042,teaBOT,www.teabot.com,,01/06/2015,31/05/2016
a11c21s043,Leada,www.teamleada.com,https://www.teamleada.com,01/06/2015,31/05/2016
a11c21s044,ShapeScale,,https://shapescale.com/,01/06/2015,31/05/2016
a11c21s045,InnerSpace,www.helloinnerspace.org,http://www.helloinnerspace.org/,01/06/2015,31/05/2016
a11c21s046,Give Campus,,https://go.givecampus.com/,01/06/2015,31/05/2016
a11c21s048,80000 Hours,www.80000hours.org,https://80000hours.org,01/06/2015,31/05/2016
a11c21s050,GO1,www.go1.com,http://www.go1.com/,01/06/2015,31/05/2016
a11c21s051,Xendit,www.xendit.co,http://www.xendit.co,01/06/2015,31/05/2016
a11c21s053,BlueCrew,www.bluecrewjobs.com,https://www.bluecrewjobs.com/,01/06/2015,31/05/2016
a11c21s054,ScopeAR,,http://ScopeAR.com/,01/06/2015,31/05/2016
a11c21s055,Wink Health,www.winkhealth.com,https://winkhealth.com,01/06/2015,31/05/2016
a11c21s056,Oolu,www.oolusolar.com,https://oolusolar.com,01/06/2015,31/05/2016
a11c21s057,Bizzy.io,www.bizzy.io,http://bizzy.io,01/06/2015,31/05/2016
a11c21s058,Foxpass,www.foxpass.com,https://www.foxpass.com,01/06/2015,31/05/2016
a11c21s059,L. International,www.thisisl.com,https://thisisl.com,01/06/2015,31/05/2016
a11c21s060,Click & Grow,,http://www.clickandgrow.com,01/06/2015,31/05/2016
a11c21s061,PickTrace,www.picktrace.com,http://www.picktrace.com,01/06/2015,31/05/2016
a11c21s062,SourceDNA,www.sourcedna.com,http://sourcedna.com,01/06/2015,31/05/2016
a11c21s063,FortAwesome,www.fortawesome.com,https://www.fortawesome.com/,01/06/2015,31/05/2016
a11c21s064,RedCarpetUp,www.redcarpetup.com,https://www.redcarpetup.com,01/06/2015,31/05/2016
a11c21s065,Second Measure,www.secondmeasure.com,https://secondmeasure.com/,01/06/2015,31/05/2016
a11c21s066,Traversal Networks,www.traversalnetworks.com,http://traversalnetworks.com/,01/06/2015,31/05/2016
a11c21s067,Menty,www.menty.org,http://www.menty.org/,01/06/2015,31/05/2016
a11c21s068,Interviewed,www.interviewed.com,http://interviewed.com/,01/06/2015,31/05/2016
a11c21s069,Wheelys Cafe,www.wheelyscafe.com,http://www.wheelyscafe.com/,01/06/2015,31/05/2016
a11c21s070,Cymmetria,www.cymmetria.com,http://www.cymmetria.com/,01/06/2015,31/05/2016
a11c21s071,Gemnote,www.gemnote.com,https://www.gemnote.com,01/06/2015,31/05/2016
a11c21s073,Eight,www.eightsleep.com,http://eightsleep.com,01/06/2015,31/05/2016
a11c21s074,Klarismo,www.klarismo.com,http://www.klarismo.com/,01/06/2015,31/05/2016
a11c21s075,Triplebyte,www.triplebyte.com,http://triplebyte.com,01/06/2015,31/05/2016
a11c21s076,Flirtey,,http://www.flirtey.com,01/06/2015,31/05/2016
a11c21s077,Shred Video,www.shredvideo.com,http://shredvideo.com/,01/06/2015,31/05/2016
a11c21s078,VOIQ,www.voiq.com,http://www.voiq.com,01/06/2015,31/05/2016
a11c21s080,Roomblocker,www.roomblocker.com,http://www.roomblocker.com,01/06/2015,31/05/2016
a11c21s081,Zeplin,www.zeplin.io,http://zeplin.io,01/06/2015,31/05/2016
a11c21s084,Convox,www.convox.com,http://convox.com,01/06/2015,31/05/2016
a11c21s085,Markhor,,https://markhor.com,01/06/2015,31/05/2016
a11c21s086,Transcend Lighting,www.thriveagritech.com,http://www.thriveagritech.com/,01/06/2015,31/05/2016
a11c21s087,Greenshoe,www.getsaida.com,http://getsaida.com/,01/06/2015,31/05/2016
a11c21s089,Smyte,www.smyte.com,https://www.smyte.com/,01/06/2015,31/05/2016
a11c21s092,Bodyport,www.bodyport.com,http://www.bodyport.com,01/06/2015,31/05/2016
a11c21s093,Hickory,www.hickorytraining.com,http://hickorytraining.com,01/06/2015,31/05/2016
a11c21s094,The Ticket Fairy,,https://www.ticketfairy.com,01/06/2015,31/05/2016
a11c21s095,Mimir,www.mimirhq.com,https://mimirhq.com/,01/06/2015,31/05/2016
a11c21s096,Branch8,www.branch8.com,http://www.branch8.com,01/06/2015,31/05/2016
a11c21s097,Her,www.weareher.com,https://weareher.com/,01/06/2015,31/05/2016
a11c21s098,Bitmovin,www.bitmovin.com,https://www.bitmovin.com,01/06/2015,31/05/2016
a11c21s100,zPredicta,www.zpredicta.com,http://zpredicta.com,01/06/2015,31/05/2016
a11c21s101,Tesorio,www.tesorio.com,https://www.tesorio.com/,01/06/2015,31/05/2016
a11c21s104,jEugene,www.jeugene.com,https://jeugene.com/,01/06/2015,31/05/2016
a11c21s105,Chaldal,www.chaldal.com,http://www.chaldal.com,01/06/2015,31/05/2016
a11c21s106,MicroHealth,,https://microhealth.com/,01/06/2015,31/05/2016
a11c21s107,Paribus,,https://paribus.co,01/06/2015,31/05/2016
a11c22s001,Shypmate,www.envyl.com,https://www.envyl.com/,01/01/2016,31/12/2016
a11c22s002,Luminist,,http://luministlabs.com,01/01/2016,31/12/2016
a11c22s003,iSono Health,www.isonohealth.com,http://www.isonohealth.com/,01/01/2016,31/12/2016
a11c22s004,AlphaFlow,www.alphaflow.com,http://www.alphaflow.com/,01/01/2016,31/12/2016
a11c22s005,Interstate Analytics,www.interstateanalytics.com,https://interstateanalytics.com/,01/01/2016,31/12/2016
a11c22s006,Nurx,www.nurx.com,https://www.nurx.com/,01/01/2016,31/12/2016
a11c22s007,STILT,www.stilt.com,http://www.stilt.com,01/01/2016,31/12/2016
a11c22s008,Restocks,www.restocks.io,https://www.restocks.io/,01/01/2016,31/12/2016
a11c22s009,Mason America,www.bymason.com,http://www.bymason.com,01/01/2016,31/12/2016
a11c22s010,Kisan Network,www.kisannetwork.com,https://www.kisannetwork.com,01/01/2016,31/12/2016
a11c22s011,Iron Ox,www.ironox.com,http://www.ironox.com,01/01/2016,31/12/2016
a11c22s012,ZenProspect,www.apollo.io,https://www.apollo.io,01/01/2016,31/12/2016
a11c22s013,Monthli,www.monthli.com,http://www.monthli.com/,01/01/2016,31/12/2016
a11c22s014,Castle.io,www.castle.io,https://castle.io,01/01/2016,31/12/2016
a11c22s015,Function of Beauty,www.functionofbeauty.com,https://functionofbeauty.com,01/01/2016,31/12/2016
a11c22s016,Skymind,,https://skymind.ai,01/01/2016,31/12/2016
a11c22s017,Kip Health,www.hellokip.com,http://www.hellokip.com,01/01/2016,31/12/2016
a11c22s018,Acre Designs,www.acre.co,https://www.acre.co,01/01/2016,31/12/2016
a11c22s019,Truebill,,http://www.truebill.com,01/01/2016,31/12/2016
a11c22s020,Hykso,www.joinfightcamp.com,https://joinfightcamp.com/,01/01/2016,31/12/2016
a11c22s021,Trac,www.tracchicago.com,https://www.tracchicago.com,01/01/2016,31/12/2016
a11c22s022,Physio Health,,https://physioh.com/,01/01/2016,31/12/2016
a11c22s023,Goodybag,www.goodybag.com,http://goodybag.com,01/01/2016,31/12/2016
a11c22s024,Enflux,www.getenflux.com,https://www.getenflux.com/,01/01/2016,31/12/2016
a11c22s026,UnnyWorld,www.unnyhog.com,http://www.unnyhog.com,01/01/2016,31/12/2016
a11c22s027,Message.io,,http://www.promptapp.io,01/01/2016,31/12/2016
a11c22s028,SunFarmer,www.sunfarmer.org,http://www.sunfarmer.org,01/01/2016,31/12/2016
a11c22s030,Landed,www.landed.com,https://www.landed.com/,01/01/2016,31/12/2016
a11c22s031,Spinal Singularity,,https://www.urodevmedical.com,01/01/2016,31/12/2016
a11c22s032,SnapEDA,www.snapeda.com,http://www.snapeda.com,01/01/2016,31/12/2016
a11c22s033,Toymail,www.toymail.co,http://www.toymail.co,01/01/2016,31/12/2016
a11c22s034,Sharethebus,www.bus.com,https://www.bus.com/,01/01/2016,31/12/2016
a11c22s035,Stealth Worker,www.stealthworker.com,https://stealthworker.com,01/01/2016,31/12/2016
a11c22s036,Georgette Packaging,www.georgettepackaging.com,http://www.georgettepackaging.com/,01/01/2016,31/12/2016
a11c22s037,Airmada,,http://www.airmada.com,01/01/2016,31/12/2016
a11c22s038,Compgun,www.compgun.com,http://www.compgun.com,01/01/2016,31/12/2016
a11c22s040,Outschool,www.outschool.com,https://outschool.com/,01/01/2016,31/12/2016
a11c22s041,Unima,,https://www.unimadx.com,01/01/2016,31/12/2016
a11c22s042,Lygos,www.lygos.com,http://www.lygos.com,01/01/2016,31/12/2016
a11c22s043,StartClosing,www.startclosing.com,http://startclosing.com,01/01/2016,31/12/2016
a11c22s044,Lattice,www.lattice.com,http://www.lattice.com,01/01/2016,31/12/2016
a11c22s045,Msg.ai,www.netomi.com,,01/01/2016,31/12/2016
a11c22s046,Nova,www.nova.ai,http://www.nova.ai/,01/01/2016,31/12/2016
a11c22s047,SHRI,www.sanrights.org,http://www.sanrights.org,01/01/2016,31/12/2016
a11c22s048,TrendMD,www.trendmd.com,http://www.trendmd.com,01/01/2016,31/12/2016
a11c22s049,Castle,www.entercastle.com,http://entercastle.com/,01/01/2016,31/12/2016
a11c22s050,Gigwell,www.gigwell.com,http://www.gigwell.com,01/01/2016,31/12/2016
a11c22s051,StyleBee,www.stylebee.com,http://stylebee.com,01/01/2016,31/12/2016
a11c22s052,Mux,www.mux.com,https://mux.com,01/01/2016,31/12/2016
a11c22s053,VINEBOX,www.getvinebox.com,http://www.getvinebox.com,01/01/2016,31/12/2016
a11c22s054,CareSkore,www.careskore.com,http://www.careskore.com,01/01/2016,31/12/2016
a11c22s055,Copia,,https://www.GoCopia.com/,01/01/2016,31/12/2016
a11c22s056,Deako,www.deako.com,https://www.deako.com/,01/01/2016,31/12/2016
a11c22s057,MailTime,www.mailtime.com,http://mailtime.com,01/01/2016,31/12/2016
a11c22s058,Gecko Robotics,www.geckorobotics.com,https://www.geckorobotics.com/,01/01/2016,31/12/2016
a11c22s059,Varden Labs,,http://vardenlabs.com/,01/01/2016,31/12/2016
a11c22s060,flexReceipts,www.flexengage.com,http://www.flexengage.com,01/01/2016,31/12/2016
a11c22s061,Drive Motors,www.modalup.com,https://modalup.com/,01/01/2016,31/12/2016
a11c22s062,X-Zell,www.x-zell.com,http://www.x-zell.com,01/01/2016,31/12/2016
a11c22s063,DoseDr,www.dosedr.com,https://www.dosedr.com,01/01/2016,31/12/2016
a11c22s064,Bonsai,www.hellobonsai.com,https://www.hellobonsai.com,01/01/2016,31/12/2016
a11c22s065,HaloLife,www.halolife.com,https://halolife.com/,01/01/2016,31/12/2016
a11c22s066,MeterFeeder,www.meterfeeder.com,https://www.meterfeeder.com/,01/01/2016,31/12/2016
a11c22s067,Elucify,,http://www.getelucify.com,01/01/2016,31/12/2016
a11c22s068,Pulpix,www.pulpix.com,https://www.pulpix.com,01/01/2016,31/12/2016
a11c22s070,StrongIntro,www.strongintro.com,https://strongintro.com/,01/01/2016,31/12/2016
a11c22s071,OpenTrons,www.opentrons.com,http://www.opentrons.com/,01/01/2016,31/12/2016
a11c22s072,Reduced Energy Microsystems (REM),www.remicro.com,http://www.remicro.com/,01/01/2016,31/12/2016
a11c22s073,Wakie,www.wakie.com,http://wakie.com,01/01/2016,31/12/2016
a11c22s074,Focal Systems,www.focal.systems,http://www.focal.systems/,01/01/2016,31/12/2016
a11c22s075,Zenysis,www.zenysis.com,http://www.zenysis.com,01/01/2016,31/12/2016
a11c22s076,Instabug,www.instabug.com,http://www.instabug.com,01/01/2016,31/12/2016
a11c22s078,Cover,www.cover.com,http://www.cover.com/,01/01/2016,31/12/2016
a11c22s079,Yardbook,www.yardbook.com,http://www.yardbook.com,01/01/2016,31/12/2016
a11c22s080,Emburse,www.emburse.com,http://www.emburse.com/,01/01/2016,31/12/2016
a11c22s082,Protonet,www.protonet.com,https://protonet.com/,01/01/2016,31/12/2016
a11c22s083,QueueHop,,http://queuehop.com/,01/01/2016,31/12/2016
a11c22s084,Chatfuel,www.chatfuel.com,http://chatfuel.com/,01/01/2016,31/12/2016
a11c22s085,Thunkable,www.thunkable.com,http://thunkable.com,01/01/2016,31/12/2016
a11c22s086,PetCube,,http://petcube.com,01/01/2016,31/12/2016
a11c22s087,Perlara,www.perlara.com,https://www.perlara.com/,01/01/2016,31/12/2016
a11c22s088,mRelief,www.mrelief.com,https://www.mrelief.com/,01/01/2016,31/12/2016
a11c22s089,Secful,www.salt.security,,01/01/2016,31/12/2016
a11c22s090,SendBird,www.sendbird.com,https://sendbird.com,01/01/2016,31/12/2016
a11c22s091,Hingeto,www.hingeto.com,https://www.hingeto.com/,01/01/2016,31/12/2016
a11c22s092,Stitch,www.stitch.health,,01/01/2016,31/12/2016
a11c22s093,Locent,www.locent.com,http://www.locent.com/,01/01/2016,31/12/2016
a11c22s094,GoLorry,www.golorry.com,http://www.golorry.com/,01/01/2016,31/12/2016
a11c22s095,Rappi,,http://www.rappi.com,01/01/2016,31/12/2016
a11c22s096,MineralSoft,www.mineralsoft.com,https://mineralsoft.com/,01/01/2016,31/12/2016
a11c22s097,Konsus,www.superside.com,https://www.superside.com/,01/01/2016,31/12/2016
a11c22s098,Poppy,www.meetpoppy.com,https://www.meetpoppy.com/,01/01/2016,31/12/2016
a11c22s099,GetAccept,www.getaccept.com,,01/01/2016,31/12/2016
a11c22s100,Lynks,www.lynks.com,https://www.lynks.com/,01/01/2016,31/12/2016
a11c22s101,Index,www.index.io,,01/01/2016,31/12/2016
a11c22s103,Podium,www.podium.com,https://www.podium.com,01/01/2016,31/12/2016
a11c22s104,WorldCover,www.worldcovr.com,http://worldcovr.com,01/01/2016,31/12/2016
a11c22s105,Silver,www.scansilver.com,http://www.scansilver.com,01/01/2016,31/12/2016
a11c22s106,Streamup,www.streamup.com,https://streamup.com,01/01/2016,31/12/2016
a11c22s107,GitPrime,www.gitprime.com,https://www.gitprime.com,01/01/2016,31/12/2016
a11c22s108,PocketSuite,www.pocketsuite.io,http://pocketsuite.io,01/01/2016,31/12/2016
a11c22s109,UpLabs,www.uplabs.com,http://www.uplabs.com,01/01/2016,31/12/2016
a11c22s110,InnoVein,,http://www.innoveinmedical.com/,01/01/2016,31/12/2016
a11c22s111,Birdly,www.platohq.com,http://www.platohq.com,01/01/2016,31/12/2016
a11c22s112,SOUNDBOKS,www.soundboks.com,https://soundboks.com/,01/01/2016,31/12/2016
a11c22s113,Magic Bus,www.magicbus.io,https://www.magicbus.io/,01/01/2016,31/12/2016
a11c22s114,Loop Genomics,www.loopgenomics.com,http://www.loopgenomics.com/,01/01/2016,31/12/2016
a11c22s115,Magic Instruments,www.magicinstruments.com,https://www.thesoundjunky.com,01/01/2016,31/12/2016
a11c22s116,HistoWiz,,https://home.histowiz.com,01/01/2016,31/12/2016
a11c22s117,NetBeez,www.netbeez.net,http://netbeez.net,01/01/2016,31/12/2016
a11c22s118,Chillabit,,https://chillabit.io/,01/01/2016,31/12/2016
a11c22s119,Pluot,www.daily.co,https://daily.co,01/01/2016,31/12/2016
a11c22s120,Redspread,www.redspread.com,https://redspread.com/,01/01/2016,31/12/2016
a11c22s121,PaveIQ,www.paveai.com,https://www.paveai.com/,01/01/2016,31/12/2016
a11c22s122,Boom,www.boomsupersonic.com,http://boomsupersonic.com/,01/01/2016,31/12/2016
a11c22s123,Tovala,www.tovala.com,http://www.tovala.com,01/01/2016,31/12/2016
a11c23s001,Multiply Labs,www.multiplylabs.com,https://www.multiplylabs.com/,01/06/2016,01/06/2017
a11c23s002,Jumpcut,,http://jumpcut.com,01/06/2016,01/06/2017
a11c23s003,Elemeno Health,www.elemenohealth.com,http://www.elemenohealth.com/,01/06/2016,01/06/2017
a11c23s004,Nova Credit,www.novacredit.com,http://novacredit.com,01/06/2016,01/06/2017
a11c23s005,OneChronos,www.onechronos.com,https://www.onechronos.com,01/06/2016,01/06/2017
a11c23s006,CoinTent,www.cointent.com,http://cointent.com/,01/06/2016,01/06/2017
a11c23s007,UtilityScore,,https://www.myutilityscore.com/#howitworks,01/06/2016,01/06/2017
a11c23s008,The Athletic,www.theathletic.com,https://theathletic.com/,01/06/2016,01/06/2017
a11c23s009,GTrack Technologies,www.gtracktechnologies.com,http://www.gtracktechnologies.com/,01/06/2016,01/06/2017
a11c23s010,Miso,www.miso.kr,http://miso.kr,01/06/2016,01/06/2017
a11c23s011,Whyd,www.whyd.com,https://whyd.com,01/06/2016,01/06/2017
a11c23s012,Starcity,www.starcity.com,https://www.starcity.com/,01/06/2016,01/06/2017
a11c23s013,YesGraph,www.yesgraph.com,https://www.yesgraph.com,01/06/2016,01/06/2017
a11c23s014,GoGoGrandparent,www.gogograndparent.com,https://www.gogograndparent.com/,01/06/2016,01/06/2017
a11c23s015,Proxy,www.proxy.com,https://proxy.com/,01/06/2016,01/06/2017
a11c23s016,WorkRamp,www.workramp.com,https://www.workramp.com,01/06/2016,01/06/2017
a11c23s017,Selfycart,www.selfycart.com,https://www.selfycart.com/,01/06/2016,01/06/2017
a11c23s018,Joy,www.withjoy.com,https://withjoy.com/,01/06/2016,01/06/2017
a11c23s019,Burrow,www.burrow.com,https://burrow.com/,01/06/2016,01/06/2017
a11c23s021,Simbi,,https://simbi.com,01/06/2016,01/06/2017
a11c23s022,SMARTSITE,www.smartsitesafety.com,http://www.smartsitesafety.com/,01/06/2016,01/06/2017
a11c23s023,Techmate,,https://www.techmate.com/,01/06/2016,01/06/2017
a11c23s024,Coub,www.coub.com,http://coub.com,01/06/2016,01/06/2017
a11c23s025,Wallarm,www.wallarm.com,https://wallarm.com,01/06/2016,01/06/2017
a11c23s026,Upgraded,www.getupgraded.com,http://www.getupgraded.com,01/06/2016,01/06/2017
a11c23s027,NeoWize,www.neowize.com,http://www.neowize.com,01/06/2016,01/06/2017
a11c23s028,Mentat,www.thementat.com,http://www.thementat.com/,01/06/2016,01/06/2017
a11c23s029,Saleswhale,www.saleswhale.com,http://saleswhale.com,01/06/2016,01/06/2017
a11c23s030,Mindori,www.mindori.com,http://mindori.com/,01/06/2016,01/06/2017
a11c23s031,New Incentives,www.newincentives.org,http://www.newincentives.org/,01/06/2016,01/06/2017
a11c23s032,SmartPath,www.joinsmartpath.com,https://www.joinsmartpath.com/,01/06/2016,01/06/2017
a11c23s033,Quero Education,,http://querobolsa.com.br,01/06/2016,01/06/2017
a11c23s034,ApolloShield,www.apolloshield.com,http://www.apolloshield.com/,01/06/2016,01/06/2017
a11c23s035,CrowdAI,www.crowdai.com,https://crowdai.com/,01/06/2016,01/06/2017
a11c23s036,RigPlenish,www.rigplenish.com,http://www.rigplenish.com,01/06/2016,01/06/2017
a11c23s037,Women Who Code,,http://www.womenwhocode.com/,01/06/2016,01/06/2017
a11c23s038,ConstructVR,www.constructvr.io,https://www.constructvr.io/,01/06/2016,01/06/2017
a11c23s039,Legalist,www.legalist.com,https://www.legalist.com/,01/06/2016,01/06/2017
a11c23s040,Looklive,,https://www.looklive.com,01/06/2016,01/06/2017
a11c23s041,HiOperator,www.hioperator.com,http://www.hioperator.com/,01/06/2016,01/06/2017
a11c23s042,Seneca Systems,www.senecagov.com,https://www.senecagov.com/,01/06/2016,01/06/2017
a11c23s043,Flex,,http://www.flexfits.com,01/06/2016,01/06/2017
a11c23s044,ZeroDB,www.nucypher.com,,01/06/2016,01/06/2017
a11c23s045,Skylights,www.skylights.aero,http://www.skylights.aero/,01/06/2016,01/06/2017
a11c23s046,TL Biolabs,www.shieldbio.com,,01/06/2016,01/06/2017
a11c23s047,RoseRocket,www.roserocket.com,http://www.roserocket.com/,01/06/2016,01/06/2017
a11c23s048,Squire,www.getsquire.com,,01/06/2016,01/06/2017
a11c23s049,Xberts,www.xberts.com,https://www.xberts.com/,01/06/2016,01/06/2017
a11c23s050,Emote,www.emotenow.com,http://www.emotenow.com/,01/06/2016,01/06/2017
a11c23s051,Polymail,www.polymail.io,http://polymail.io,01/06/2016,01/06/2017
a11c23s052,People.ai,www.people.ai,https://people.ai/,01/06/2016,01/06/2017
a11c23s053,Airo Health,www.airohealth.com,https://www.airohealth.com/,01/06/2016,01/06/2017
a11c23s054,Scale,,https://scale.com,01/06/2016,01/06/2017
a11c23s055,Vetcove,www.vetcove.com,https://www.vetcove.com/,01/06/2016,01/06/2017
a11c23s056,Fabric,www.fabric.me,http://fabric.me/,01/06/2016,01/06/2017
a11c23s057,Revlo,www.revlo.co,https://www.revlo.co/,01/06/2016,01/06/2017
a11c23s058,Flutterwave,www.flutterwave.com,https://www.flutterwave.com,01/06/2016,01/06/2017
a11c23s059,RocketLit,www.rocketlit.com,http://www.rocketlit.com/,01/06/2016,01/06/2017
a11c23s060,Lollicam,,https://argear.io/,01/06/2016,01/06/2017
a11c23s061,Livement,,https://www.livement.com/,01/06/2016,01/06/2017
a11c23s062,OMG Digital,,https://www.artzstudio.com,01/06/2016,01/06/2017
a11c23s063,Suiteness,www.suiteness.com,https://www.suiteness.com,01/06/2016,01/06/2017
a11c23s064,Instrumentl,www.instrumentl.com,https://www.instrumentl.com/,01/06/2016,01/06/2017
a11c23s065,Meesho,www.meesho.com,http://www.meesho.com,01/06/2016,01/06/2017
a11c23s067,BulldozAIR,www.bulldozair.com,http://www.bulldozair.com/,01/06/2016,01/06/2017
a11c23s068,Fellow,www.joinfellow.com,https://joinfellow.com/,01/06/2016,01/06/2017
a11c23s069,Yoshi,www.startyoshi.com,https://www.startyoshi.com/,01/06/2016,01/06/2017
a11c23s070,Iris Automations,www.irisonboard.com,http://www.irisonboard.com/,01/06/2016,01/06/2017
a11c23s071,Athelas,www.athelas.com,https://athelas.com/,01/06/2016,01/06/2017
a11c23s072,Curtsy,www.curtsyapp.com,http://www.curtsyapp.com/,01/06/2016,01/06/2017
a11c23s073,Mosaic,www.mosaix.ai,,01/06/2016,01/06/2017
a11c23s074,OOHLALA,www.readyeducation.com,https://www.readyeducation.com,01/06/2016,01/06/2017
a11c23s075,Raptor Maps,www.raptormaps.com,http://www.raptormaps.com/,01/06/2016,01/06/2017
a11c23s076,Sixa,www.sixa.io,https://sixa.io,01/06/2016,01/06/2017
a11c23s077,Innov8,www.innov8.work,https://www.innov8.work,01/06/2016,01/06/2017
a11c23s078,Vidcode,www.vidcode.com,http://www.vidcode.com,01/06/2016,01/06/2017
a11c23s079,Airfordable,www.airfordable.com,http://www.airfordable.com/,01/06/2016,01/06/2017
a11c23s080,DevColor,www.devcolor.org,http://www.devcolor.org/,01/06/2016,01/06/2017
a11c23s082,Eventgeek,www.circa.co,http://www.circa.co/,01/06/2016,01/06/2017
a11c23s083,Exponent,,https://www.expo.dev,01/06/2016,01/06/2017
a11c23s084,PatientBank,www.patientbank.us,https://www.patientbank.us,01/06/2016,01/06/2017
a11c23s085,Opsolutely,www.opsolutely.com,https://www.opsolutely.com/,01/06/2016,01/06/2017
a11c23s086,Vote.org,www.vote.org,https://www.vote.org/,01/06/2016,01/06/2017
a11c23s087,Robby,www.robby.io,https://robby.io/,01/06/2016,01/06/2017
a11c23s088,Sway,www.swayfinance.com,https://swayfinance.com,01/06/2016,01/06/2017
a11c23s089,Metapacket,www.metapacket.com,http://metapacket.com/,01/06/2016,01/06/2017
a11c23s090,MessageBird,www.messagebird.com,https://www.messagebird.com/,01/06/2016,01/06/2017
a11c23s091,Validere,www.validere.com,http://validere.com/,01/06/2016,01/06/2017
a11c23s092,Luminostics,,http://www.luminostics.com,01/06/2016,01/06/2017
a11c23s093,Amberbox,www.amberbox.com,https://amberbox.com/,01/06/2016,01/06/2017
a11c23s094,Aptonomy,www.navtrac.com,,01/06/2016,01/06/2017
a11c23s095,Haywheel,www.haywheel.com,http://haywheel.com,01/06/2016,01/06/2017
a11c23s096,SimpleCitizen,www.simplecitizen.com,http://www.simplecitizen.com/,01/06/2016,01/06/2017
a11c24s001,Wifi.com.ng,,http://wifi.com.ng,01/01/2017,01/01/2018
a11c24s002,MDAcne,,http://www.MDacne.com,01/01/2017,01/01/2018
a11c24s003,Paragon One,www.paragonone.com,http://www.paragonone.com/,01/01/2017,01/01/2018
a11c24s004,Tolemi,www.tolemi.com,http://www.tolemi.com,01/01/2017,01/01/2018
a11c24s005,Voodoo Manufacturing,www.voodoomfg.com,https://www.voodoomfg.com/,01/01/2017,01/01/2018
a11c24s006,Origin,www.eatorigin.com,http://eatorigin.com/,01/01/2017,01/01/2018
a11c24s008,Simple Habit,,https://www.simplehabit.com/,01/01/2017,01/01/2018
a11c24s009,Kangpe,,https://www.kangpe.com/,01/01/2017,01/01/2018
a11c24s010,Kudi,,https://kudi.com,01/01/2017,01/01/2018
a11c24s011,Scribe,www.tryscribe.com,http://www.tryscribe.com,01/01/2017,01/01/2018
a11c24s012,Vinsight,www.bountiful.ag,,01/01/2017,01/01/2018
a11c24s013,Quiki,www.getscopeai.com,http://www.getscopeai.com,01/01/2017,01/01/2018
a11c24s014,Marketfox,www.marketfox.io,https://www.marketfox.io,01/01/2017,01/01/2018
a11c24s015,Bitrise,www.bitrise.io,https://www.bitrise.io,01/01/2017,01/01/2018
a11c24s016,Credy,www.credy.in,https://www.credy.in/,01/01/2017,01/01/2018
a11c24s017,Hivy,www.hivyapp.com,http://hivyapp.com,01/01/2017,01/01/2018
a11c24s018,Moneytis,www.moneytis.com,https://currencylive.com,01/01/2017,01/01/2018
a11c24s019,Hogaru,www.hogaru.com,https://www.hogaru.com,01/01/2017,01/01/2018
a11c24s020,Solugen,,https://www.solugen.bio/,01/01/2017,01/01/2018
a11c24s021,AON3D,www.aon3d.com,https://aon3d.com,01/01/2017,01/01/2018
a11c24s022,Wright Electric,www.weflywright.com,https://weflywright.com/,01/01/2017,01/01/2018
a11c24s023,Sandbox,www.sandboxbanking.com,,01/01/2017,01/01/2018
a11c24s024,Volt Health,www.volthealth.com,https://www.volthealth.com/,01/01/2017,01/01/2018
a11c24s025,Playment,www.playment.io,https://playment.io,01/01/2017,01/01/2018
a11c24s026,FirstHand,www.shopfirsthand.com,http://www.shopfirsthand.com/,01/01/2017,01/01/2018
a11c24s027,IQBoxy,www.veryfi.com,,01/01/2017,01/01/2018
a11c24s028,FloydHub,www.floydhub.com,https://www.floydhub.com,01/01/2017,01/01/2018
a11c24s029,AlemHealth,www.alemhealth.com,http://www.alemhealth.com/,01/01/2017,01/01/2018
a11c24s030,Vize Software,www.anasen.com,http://www.anasen.com,01/01/2017,01/01/2018
a11c24s031,NanoNets,www.nanonets.com,https://nanonets.com,01/01/2017,01/01/2018
a11c24s032,Bulk MRO,www.bulkmro.com,https://www.bulkmro.com/,01/01/2017,01/01/2018
a11c24s033,Neema,www.getneema.com,http://www.getneema.com/,01/01/2017,01/01/2018
a11c24s034,DocTalk,www.getdoctalk.com,https://pulse.tools,01/01/2017,01/01/2018
a11c24s035,Terark,www.terark.com,https://terark.com,01/01/2017,01/01/2018
a11c24s036,Penny,www.pennyapp.io,https://www.pennyapp.io,01/01/2017,01/01/2018
a11c24s037,Millibatt,www.millibatt.com,https://www.millibatt.com/,01/01/2017,01/01/2018
a11c24s038,Buypower,www.buypower.ng,https://www.buypower.ng/,01/01/2017,01/01/2018
a11c24s039,No Lean Season,,http://www.noleanseason.org/,01/01/2017,01/01/2018
a11c24s040,Effective Altruism,www.effectivealtruism.org,https://www.effectivealtruism.org/,01/01/2017,01/01/2018
a11c24s041,Niles,www.niles.ai,https://niles.webflow.io,01/01/2017,01/01/2018
a11c24s044,Sinovia Technologies,www.sinoviatech.com,https://www.sinoviatech.com,01/01/2017,01/01/2018
a11c24s045,Dost Education,www.dosteducation.com,http://www.dosteducation.com,01/01/2017,01/01/2018
a11c24s046,Clear Genetics,,https://www.cleargenetics.com,01/01/2017,01/01/2018
a11c24s047,Tetra,www.asktetra.com,https://asktetra.com/,01/01/2017,01/01/2018
a11c24s048,lvl5,www.lvl5.ai,http://www.lvl5.ai,01/01/2017,01/01/2018
a11c24s049,BloomAPI,,https://www.bloomtext.com/,01/01/2017,01/01/2018
a11c24s050,Rippling,www.rippling.com,https://www.rippling.com,01/01/2017,01/01/2018
a11c24s051,Clover Intelligence,www.voiceops.com,https://voiceops.com,01/01/2017,01/01/2018
a11c24s052,LitHit,www.lithit.com,https://lithit.com/,01/01/2017,01/01/2018
a11c24s053,Indee,www.indeelabs.com,http://www.indeelabs.com,01/01/2017,01/01/2018
a11c24s054,Supr Daily,www.suprdaily.com,http://www.suprdaily.com/,01/01/2017,01/01/2018
a11c24s055,Algoriz,www.algoriz.com,https://algoriz.com/,01/01/2017,01/01/2018
a11c24s056,WaystoCap,www.waystocap.com,https://www.waystocap.com/,01/01/2017,01/01/2018
a11c24s057,DELEE,www.delee.co,https://www.delee.co,01/01/2017,01/01/2018
a11c24s058,Apozy,www.apozy.com,https://www.apozy.com,01/01/2017,01/01/2018
a11c24s060,Indigo Fair,www.faire.com,https://www.faire.com,01/01/2017,01/01/2018
a11c24s061,Lively,www.livelyme.com,,01/01/2017,01/01/2018
a11c24s062,Collectly,www.collectly.co,http://collectly.co,01/01/2017,01/01/2018
a11c24s063,Trade,www.tradeghana.co,https://www.tradeghana.co/,01/01/2017,01/01/2018
a11c24s064,Upcall,www.upcall.com,http://www.upcall.com,01/01/2017,01/01/2018
a11c24s065,Riley,www.getrileynow.com,https://getrileynow.com/,01/01/2017,01/01/2018
a11c24s066,Speak,www.usespeak.com,http://usespeak.com,01/01/2017,01/01/2018
a11c24s067,Sycamore,www.mysycamore.com,https://www.mysycamore.com/,01/01/2017,01/01/2018
a11c24s068,XIX.ai,,https://getxix.com/,01/01/2017,01/01/2018
a11c24s069,Cartcam,www.cartcam.com,https://www.cartcam.com/,01/01/2017,01/01/2018
a11c24s070,Mere Coffee,,http://www.merecoffee.com/,01/01/2017,01/01/2018
a11c24s071,Tress,www.tressapp.co,https://tressapp.co/,01/01/2017,01/01/2018
a11c24s072,Zestful,www.zestful.com,http://zestful.com,01/01/2017,01/01/2018
a11c24s073,The Mednet,www.themednet.org,https://www.themednet.org/,01/01/2017,01/01/2018
a11c24s074,Aella Credit,,https://aellaapp.com,01/01/2017,01/01/2018
a11c24s075,Ledger Investing,www.ledgerinvesting.com,https://ledgerinvesting.com,01/01/2017,01/01/2018
a11c24s076,InnaMed,www.innamed.com,http://www.innamed.com,01/01/2017,01/01/2018
a11c24s077,Pit.ai,www.pit.ai,https://www.pit.ai,01/01/2017,01/01/2018
a11c24s078,ReturnBase,,https://www.bluelots.com,01/01/2017,01/01/2018
a11c24s079,Beek,www.beek.io,https://www.beek.io/,01/01/2017,01/01/2018
a11c24s080,Rezi,www.rentrezi.com,https://www.rentrezi.com/,01/01/2017,01/01/2018
a11c24s082,Upkeep Maintenance Management,,http://www.onupkeep.com,01/01/2017,01/01/2018
a11c24s084,Fiix,www.fiix.io,https://www.fiix.io,01/01/2017,01/01/2018
a11c24s085,KidPass,www.kidpass.com,https://kidpass.com/,01/01/2017,01/01/2018
a11c24s086,Humi,www.humi.ca,https://www.humi.ca,01/01/2017,01/01/2018
a11c24s087,Soomgo,www.soomgo.com,https://soomgo.com,01/01/2017,01/01/2018
a11c24s088,Wifi Dabba,www.wifidabba.com,http://wifidabba.com/,01/01/2017,01/01/2018
a11c24s089,Token Transit,www.tokentransit.com,https://tokentransit.com/,01/01/2017,01/01/2018
a11c24s090,Breaker,www.breaker.audio,https://www.breaker.audio,01/01/2017,01/01/2018
a11c24s091,Boxouse,www.boxouse.com,http://www.boxouse.com/,01/01/2017,01/01/2018
a11c24s092,Symple,www.getsymple.com,http://getsymple.com,01/01/2017,01/01/2018
a11c24s093,Armory,www.armory.io,http://www.armory.io,01/01/2017,01/01/2018
a11c24s094,Snappr,,https://www.snappr.com/,01/01/2017,01/01/2018
a11c24s095,SmartAlto,www.smartalto.com,,01/01/2017,01/01/2018
a11c24s096,Bicycle AI,www.bicycleai.com,http://bicycleai.com/,01/01/2017,01/01/2018
a11c24s097,Scaphold.io,www.scaphold.io,https://www.scaphold.io,01/01/2017,01/01/2018
a11c24s098,Pantheon,www.pantheonvr.com,http://www.pantheonvr.com,01/01/2017,01/01/2018
a11c24s099,Bulletin,www.bulletin.co,https://bulletin.co,01/01/2017,01/01/2018
a11c24s100,Cowlar,www.cowlar.com,http://www.cowlar.com,01/01/2017,01/01/2018
a11c24s101,Fibo,www.fiboapp.com,https://www.fiboapp.com/,01/01/2017,01/01/2018
a11c24s102,Movebutter,,http://www.theessential.com,01/01/2017,01/01/2018
a11c24s103,Cambridge Bio-Augmentation Systems,www.bios.health,,01/01/2017,01/01/2018
a11c25s001,AssemblyAI,www.assemblyai.com,https://www.assemblyai.com/,01/06/2017,01/06/2018
a11c25s002,VergeSense,www.vergesense.com,http://www.vergesense.com,01/06/2017,01/06/2018
a11c25s003,Entocycle,www.entocycle.com,https://www.entocycle.com,01/06/2017,01/06/2018
a11c25s004,HealthWiz,www.ribbonhealth.com,,01/06/2017,01/06/2018
a11c25s005,Guilded,www.guilded.gg,http://www.guilded.gg,01/06/2017,01/06/2018
a11c25s006,Lambda School,,https://lambdaschool.com/,01/06/2017,01/06/2018
a11c25s007,CarDash,,https://www.cardash.com,01/06/2017,01/06/2018
a11c25s008,Sourceress,,http://sourceress.com,01/06/2017,01/06/2018
a11c25s009,Skyways,www.skyways.com,http://skyways.com,01/06/2017,01/06/2018
a11c25s010,Prism IO,www.prism.io,https://prism.io/,01/06/2017,01/06/2018
a11c25s011,Audm,www.audm.com,https://www.audm.com/,01/06/2017,01/06/2018
a11c25s012,ZenSourcer,www.gem.com,,01/06/2017,01/06/2018
a11c25s013,VIDA & Co.,www.shopvida.com,,01/06/2017,01/06/2018
a11c25s014,Loop Support,www.loopsupport.com,https://www.loopsupport.com/,01/06/2017,01/06/2018
a11c25s015,Polly,www.polly.fun,https://polly.fun/,01/06/2017,01/06/2018
a11c25s016,Ubiq,www.goubiq.com,https://www.goubiq.com/,01/06/2017,01/06/2018
a11c25s017,Gopher,,https://www.gopher.email/,01/06/2017,01/06/2018
a11c25s018,Honeydue,www.honeydue.com,https://www.honeydue.com,01/06/2017,01/06/2018
a11c25s019,Standard Cognition,www.standard.ai,https://standard.ai,01/06/2017,01/06/2018
a11c25s020,Mystro,www.mystrodriver.com,https://www.mystrodriver.com/,01/06/2017,01/06/2018
a11c25s021,Thematic,www.getthematic.com,http://www.getthematic.com,01/06/2017,01/06/2018
a11c25s022,Pyka,www.flypyka.com,http://www.flypyka.com/,01/06/2017,01/06/2018
a11c25s025,GameLynx,www.gamelynx.gg,https://gamelynx.gg/,01/06/2017,01/06/2018
a11c25s026,May Mobility,www.maymobility.com,http://maymobility.com,01/06/2017,01/06/2018
a11c25s027,Kestrel Materials,,http://materialcomforts.com/,01/06/2017,01/06/2018
a11c25s028,Original Tech,www.prelim.com,https://prelim.com/,01/06/2017,01/06/2018
a11c25s029,Covetly,www.covetly.com,https://www.covetly.com/,01/06/2017,01/06/2018
a11c25s030,Dahmakan,www.popmeals.com.my,https://popmeals.com.my/,01/06/2017,01/06/2018
a11c25s031,Headstart,www.headstart.io,https://www.headstart.io,01/06/2017,01/06/2018
a11c25s032,Relationship Hero,www.relationshiphero.com,https://relationshiphero.com/,01/06/2017,01/06/2018
a11c25s033,Disclosures.io,www.disclosures.io,https://disclosures.io/,01/06/2017,01/06/2018
a11c25s035,Guggy,www.guggy.com,https://guggy.com,01/06/2017,01/06/2018
a11c25s038,Rev Genomics,www.revgenomics.com,https://www.revgenomics.com/,01/06/2017,01/06/2018
a11c25s039,Flowspace,www.flow.space,https://www.flow.space/,01/06/2017,01/06/2018
a11c25s040,Elucd,www.elucd.com,https://www.elucd.com,01/06/2017,01/06/2018
a11c25s041,Modular Science,www.modularscience.com,http://www.modularscience.com/,01/06/2017,01/06/2018
a11c25s042,Feather,www.livefeather.com,http://www.livefeather.com,01/06/2017,01/06/2018
a11c25s043,Fat Lama,,https://fatllama.com,01/06/2017,01/06/2018
a11c25s044,Dharma Labs,www.dharma.io,https://dharma.io/,01/06/2017,01/06/2018
a11c25s045,Totemic Labs,,https://www.meetkoko.com,01/06/2017,01/06/2018
a11c25s046,HotelFlex,,https://www.hotelflex.io,01/06/2017,01/06/2018
a11c25s047,Indivio,www.indiv.io,https://indiv.io/,01/06/2017,01/06/2018
a11c25s048,Zendar,www.zendar.io,http://www.zendar.io/,01/06/2017,01/06/2018
a11c25s049,Roofr,www.roofr.com,http://roofr.com,01/06/2017,01/06/2018
a11c25s050,Solve,www.solve.com,https://www.solve.com/,01/06/2017,01/06/2018
a11c25s051,LotusPay,www.lotuspay.com,https://www.lotuspay.com,01/06/2017,01/06/2018
a11c25s052,Templarbit,www.templarbit.com,https://www.templarbit.com,01/06/2017,01/06/2018
a11c25s053,Helix Nanotechnologies,www.helixnano.com,http://helixnano.com/,01/06/2017,01/06/2018
a11c25s054,CureSkin,www.cureskin.com,https://cureskin.com,01/06/2017,01/06/2018
a11c25s055,10 By 10,www.10by10.io,https://www.10by10.io/,01/06/2017,01/06/2018
a11c25s056,Retool,www.retool.com,https://retool.com,01/06/2017,01/06/2018
a11c25s057,Life Bot,www.asklifebot.com,http://www.asklifebot.com,01/06/2017,01/06/2018
a11c25s058,70 Million Jobs,,https://www.70millionjobs.com/,01/06/2017,01/06/2018
a11c25s059,Lyrebird,www.lyrebird.ai,https://lyrebird.ai/,01/06/2017,01/06/2018
a11c25s060,D-ID,,https://www.d-id.com,01/06/2017,01/06/2018
a11c25s062,Warren Payment,www.routable.com,,01/06/2017,01/06/2018
a11c25s063,Airthium,www.airthium.com,https://www.airthium.com,01/06/2017,01/06/2018
a11c25s064,Fastpad,www.fastpad.com,https://fastpad.com/,01/06/2017,01/06/2018
a11c25s066,Net30,,https://net30.io/,01/06/2017,01/06/2018
a11c25s067,ShiftDoc,www.shiftdoc.com,https://www.shiftdoc.com,01/06/2017,01/06/2018
a11c25s069,Value Voting,www.valuevoting.com,https://www.valuevoting.com/,01/06/2017,01/06/2018
a11c25s070,Piggy,www.piggy.co.in,https://piggy.co.in/,01/06/2017,01/06/2018
a11c25s071,OncoBox,www.oncobox.com,http://www.oncobox.com,01/06/2017,01/06/2018
a11c25s072,Slik,www.slik.ai,http://slik.ai/,01/06/2017,01/06/2018
a11c25s074,Sixty,www.usesixty.com,https://www.usesixty.com,01/06/2017,01/06/2018
a11c25s075,Flock,www.flocksafety.com,https://www.flocksafety.com,01/06/2017,01/06/2018
a11c25s078,Advano,www.advano.io,http://advano.io,01/06/2017,01/06/2018
a11c25s079,Modern Fertility,www.modernfertility.com,https://modernfertility.com,01/06/2017,01/06/2018
a11c25s080,Sunfolding,www.sunfolding.com,http://www.sunfolding.com/,01/06/2017,01/06/2018
a11c25s081,Enzyme,www.enzyme.com,https://www.enzyme.com,01/06/2017,01/06/2018
a11c25s082,Vanido,www.vanido.io,https://vanido.io,01/06/2017,01/06/2018
a11c25s083,BillionToOne,www.billiontoone.com,https://www.billiontoone.com,01/06/2017,01/06/2018
a11c25s084,Surematics,www.surematics.com,https://surematics.com/,01/06/2017,01/06/2018
a11c25s085,CocuSocial,www.cocusocial.com,https://www.cocusocial.com,01/06/2017,01/06/2018
a11c25s086,Dropleaf,www.dropleaf.io,https://dropleaf.io/,01/06/2017,01/06/2018
a11c25s087,Darmiyan,www.darmiyan.com,https://www.darmiyan.com/,01/06/2017,01/06/2018
a11c25s088,Greo,www.greo.com,https://greo.com/,01/06/2017,01/06/2018
a11c25s090,Sunu,www.sunu.com,https://www.sunu.com,01/06/2017,01/06/2018
a11c25s091,PayFazz,www.payfazz.com,https://www.payfazz.com/,01/06/2017,01/06/2018
a11c25s092,Plasticity,www.plasticity.ai,https://www.plasticity.ai/,01/06/2017,01/06/2018
a11c25s093,Caelum Health,www.caelumhealth.com,,01/06/2017,01/06/2018
a11c25s094,Just Appraised,www.justappraised.com,https://www.justappraised.com/,01/06/2017,01/06/2018
a11c25s095,Peergrade,www.peergrade.io,https://www.peergrade.io/,01/06/2017,01/06/2018
a11c25s097,Carrot Fertility,www.get-carrot.com,https://www.get-carrot.com,01/06/2017,01/06/2018
a11c25s098,RideAlong,www.getridealong.com,http://www.getridealong.com,01/06/2017,01/06/2018
a11c25s099,HelpWear,www.helpwear.ca,https://www.helpwear.ca,01/06/2017,01/06/2018
a11c25s100,OneLocal,www.onelocal.com,https://www.onelocal.com,01/06/2017,01/06/2018
a11c25s101,Leon & George,www.leonandgeorge.com,https://www.leonandgeorge.com,01/06/2017,01/06/2018
a11c25s103,Tpaga,www.tpaga.co,https://tpaga.co/,01/06/2017,01/06/2018
a11c25s104,WheelStreet,www.wheelstreet.com,,01/06/2017,01/06/2018
a11c25s105,Meetingbird,www.meetingbird.com,http://www.meetingbird.com/,01/06/2017,01/06/2018
a11c25s107,SMB Rate,www.smbrate.com,https://smbrate.com/,01/06/2017,01/06/2018
a11c25s108,Gustav,www.hellogustav.com,,01/06/2017,01/06/2018
a11c25s109,AutoHub,www.autohub.io,https://www.autohub.io/,01/06/2017,01/06/2018
a11c25s110,UpCodes,www.up.codes,https://up.codes,01/06/2017,01/06/2018
a11c25s111,PullRequest,,https://www.pullrequest.com/?utm_medium=referral&utm_source=crunchbase.com,01/06/2017,01/06/2018
a11c25s112,Quilt Data,www.quiltdata.com,https://quiltdata.com/,01/06/2017,01/06/2018
a11c25s113,Goosebump,www.goosebump.com,https://www.goosebump.com,01/06/2017,01/06/2018
a11c25s114,Forever Labs,www.foreverlabs.com,https://foreverlabs.com/,01/06/2017,01/06/2018
a11c25s115,Helium Heathcare,www.heliumhealth.com,https://heliumhealth.com,01/06/2017,01/06/2018
a11c25s116,Gameday,www.playgameday.com,https://playgameday.com/,01/06/2017,01/06/2018
a11c25s117,Bxblue,www.bxblue.com.br,https://www.bxblue.com.br,01/06/2017,01/06/2018
a11c25s118,PreDxion Bio,,http://predxionbio.com,01/06/2017,01/06/2018
a11c25s119,Nimble,www.hirenimble.com,http://www.hirenimble.com,01/06/2017,01/06/2018
a11c25s120,Muzmatch,,https://muzmatch.com/,01/06/2017,01/06/2018
a11c25s121,Wildfire,www.getwildfire.com,http://getwildfire.com,01/06/2017,01/06/2018
a11c25s122,Py,,https://www.getpy.com,01/06/2017,01/06/2018
a11c25s123,CashFree,www.cashfree.com,http://www.cashfree.com,01/06/2017,01/06/2018
a11c25s124,Escher Reality,www.escherreality.com,http://www.escherreality.com,01/06/2017,01/06/2018
a11c26s001,Jido Maps,www.jidomaps.com,https://www.jidomaps.com/,01/01/2018,01/01/2019
a11c26s002,CoinTracker,www.cointracker.io,https://cointracker.io,01/01/2018,01/01/2019
a11c26s003,Edwin,www.edwin.ai,https://edwin.ai,01/01/2018,01/01/2019
a11c26s004,Vena Medical,www.venamed.ca,https://www.venamed.ca,01/01/2018,01/01/2019
a11c26s005,Curious Fictions,www.curiousfictions.com,https://curiousfictions.com/,01/01/2018,01/01/2019
a11c26s006,HelloVerify,www.helloverify.com,https://www.helloverify.com/,01/01/2018,01/01/2019
a11c26s007,Evry Health,www.evryhealth.com,http://www.evryhealth.com,01/01/2018,01/01/2019
a11c26s008,Hexel,www.onhexel.com,https://www.onhexel.com/,01/01/2018,01/01/2019
a11c26s009,PlayingViral,,https://playingviral.com,01/01/2018,01/01/2019
a11c26s010,Look After My Bills,www.lookaftermybills.com,https://lookaftermybills.com/,01/01/2018,01/01/2019
a11c26s011,Rhythmm,,https://getrhythmm.com/,01/01/2018,01/01/2019
a11c26s012,Avro Life Science,www.avrolifesci.com,https://www.avrolifesci.com/,01/01/2018,01/01/2019
a11c26s015,Quantstamp,www.quantstamp.com,https://quantstamp.com/,01/01/2018,01/01/2019
a11c26s016,Biobot Analytics,www.biobot.io,http://www.biobot.io,01/01/2018,01/01/2019
a11c26s018,Airship,,https://www.airdeploy.io,01/01/2018,01/01/2019
a11c26s019,Atrium,www.atrium.co,https://www.atrium.co,01/01/2018,01/01/2019
a11c26s020,Proven,www.provenskincare.com,https://www.provenskincare.com/,01/01/2018,01/01/2019
a11c26s021,Molly,www.squadapp.io,https://squadapp.io,01/01/2018,01/01/2019
a11c26s022,Mirror AI,www.mirror-ai.com,https://www.mirror-ai.com/,01/01/2018,01/01/2019
a11c26s023,Pathrise,www.pathrise.com,https://www.pathrise.com,01/01/2018,01/01/2019
a11c26s024,Cognition IP,www.cognitionip.com,https://www.cognitionip.com/,01/01/2018,01/01/2019
a11c26s025,Volley,www.volleythat.com,https://volleythat.com,01/01/2018,01/01/2019
a11c26s026,Hunter2,www.hunter2.com,https://hunter2.com,01/01/2018,01/01/2019
a11c26s027,Modern Health,www.modernhealth.com,https://www.modernhealth.com,01/01/2018,01/01/2019
a11c26s028,Groww,www.groww.in,https://groww.in/,01/01/2018,01/01/2019
a11c26s029,Substack,www.substack.com,https://www.substack.com,01/01/2018,01/01/2019
a11c26s030,LUS Brands,www.lusbrands.com,https://lusbrands.com,01/01/2018,01/01/2019
a11c26s031,Station,www.getstation.com,https://getstation.com,01/01/2018,01/01/2019
a11c26s032,Haiku,,https://www.haikuforteams.com/,01/01/2018,01/01/2019
a11c26s033,Voicery,www.voicery.com,https://www.voicery.com/,01/01/2018,01/01/2019
a11c26s034,Passerine Aircraft,,https://passerineaircraft.com/,01/01/2018,01/01/2019
a11c26s035,Supermedium,www.supermedium.com,https://www.supermedium.com/,01/01/2018,01/01/2019
a11c26s036,Aerones,www.aerones.com,https://www.aerones.com/,01/01/2018,01/01/2019
a11c26s039,BloomJoy,,https://bloomjoy.com/,01/01/2018,01/01/2019
a11c26s040,Arrow,,https://arrowapp.io,01/01/2018,01/01/2019
a11c26s042,Players' Lounge,www.playerslounge.co,https://playerslounge.co/,01/01/2018,01/01/2019
a11c26s043,Meitre,www.meitre.com,https://meitre.com/,01/01/2018,01/01/2019
a11c26s044,The Lobby,,http://www.thelobby.io,01/01/2018,01/01/2019
a11c26s045,Quit Genius,www.quitgenius.com,http://www.quitgenius.com,01/01/2018,01/01/2019
a11c26s046,Proof,www.useproof.com,https://useproof.com,01/01/2018,01/01/2019
a11c26s047,tEQuitable,www.tequitable.com,https://www.tequitable.com,01/01/2018,01/01/2019
a11c26s048,ObserveAI,www.observe.ai,https://observe.ai/,01/01/2018,01/01/2019
a11c26s049,ClearBrain,www.clearbrain.com,http://www.clearbrain.com,01/01/2018,01/01/2019
a11c26s050,Worklytics,www.worklytics.co,https://www.worklytics.co/,01/01/2018,01/01/2019
a11c26s051,Leap,,https://leap.ycombinator.com/,01/01/2018,01/01/2019
a11c26s052,Macromoltek,,https://www.macromoltek.com/,01/01/2018,01/01/2019
a11c26s053,YouTeam,www.youteam.io,http://youteam.io,01/01/2018,01/01/2019
a11c26s054,Orangewood Labs,www.orangewood.co,https://orangewood.co/,01/01/2018,01/01/2019
a11c26s055,DearBrightly,www.dearbrightly.com,https://www.dearbrightly.com/,01/01/2018,01/01/2019
a11c26s057,ZBiotics,www.zbiotics.com,http://www.zbiotics.com/,01/01/2018,01/01/2019
a11c26s058,Glimpse K12,www.glimpsek12.com,http://www.glimpsek12.com/,01/01/2018,01/01/2019
a11c26s060,Tributi,www.tributi.com,http://tributi.com,01/01/2018,01/01/2019
a11c26s061,Beanstalk,www.beanstalk.farm,https://beanstalk.farm/,01/01/2018,01/01/2019
a11c26s063,Aspire,www.aspireapp.com,https://aspireapp.com/,01/01/2018,01/01/2019
a11c26s064,Qulture.Rocks,www.qulture.rocks,http://qulture.rocks/,01/01/2018,01/01/2019
a11c26s066,Openland,www.openland.com,https://openland.com/,01/01/2018,01/01/2019
a11c26s067,Gainful,www.gainful.com,https://gainful.com,01/01/2018,01/01/2019
a11c26s068,ArchForm,www.archform.com,https://www.archform.com/,01/01/2018,01/01/2019
a11c26s070,OpenSea,www.opensea.io,https://opensea.io/,01/01/2018,01/01/2019
a11c26s071,Medumo,www.medumo.com,http://www.medumo.com/,01/01/2018,01/01/2019
a11c26s072,AlgoSurg Inc,www.algosurg.com,http://www.algosurg.com/,01/01/2018,01/01/2019
a11c26s073,Flint,www.flinto.me,https://www.flinto.me,01/01/2018,01/01/2019
a11c26s074,Storyline,www.invocable.com,https://invocable.com/,01/01/2018,01/01/2019
a11c26s075,Callisto,,http://www.projectcallisto.org/,01/01/2018,01/01/2019
a11c26s076,Dana Cita,www.erudifi.com,,01/01/2018,01/01/2019
a11c26s077,Correlia Biosystems,www.correliabio.com,http://www.correliabio.com,01/01/2018,01/01/2019
a11c26s078,BioRender.io,www.biorender.com,http://www.biorender.com,01/01/2018,01/01/2019
a11c26s079,SharpestMinds,www.sharpestminds.com,https://www.sharpestminds.com,01/01/2018,01/01/2019
a11c26s080,Veriff,www.veriff.com,https://veriff.com,01/01/2018,01/01/2019
a11c26s081,Universe,www.onuniverse.com,http://onuniverse.com,01/01/2018,01/01/2019
a11c26s082,Persephone Biome,,https://www.persephonebiosciences.com,01/01/2018,01/01/2019
a11c26s083,Visor,www.playmayhem.com,http://www.playmayhem.com/,01/01/2018,01/01/2019
a11c26s084,Ben,,https://bendotco.herokuapp.com,01/01/2018,01/01/2019
a11c26s085,Sheerly Genius,www.sheertex.com,https://sheertex.com/,01/01/2018,01/01/2019
a11c26s086,Vathys,,http://Vathys.ai,01/01/2018,01/01/2019
a11c26s087,EasyEmail,www.pointapi.com,,01/01/2018,01/01/2019
a11c26s088,Swayable,www.swayable.com,https://swayable.com,01/01/2018,01/01/2019
a11c26s089,Tingles,www.gettingles.com,https://www.gettingles.com/,01/01/2018,01/01/2019
a11c26s090,Treasury Prime,www.treasuryprime.com,https://treasuryprime.com/,01/01/2018,01/01/2019
a11c26s091,The Podcast App,www.podcast.app,https://podcast.app/,01/01/2018,01/01/2019
a11c26s092,Snackpass,www.snackpass.co,https://www.snackpass.co,01/01/2018,01/01/2019
a11c26s094,Tipe,,https://tipe.io,01/01/2018,01/01/2019
a11c26s096,Shone,www.shone.com,http://www.shone.com,01/01/2018,01/01/2019
a11c26s097,Nectome,www.nectome.com,https://nectome.com,01/01/2018,01/01/2019
a11c26s098,Tradewind BioScience,www.tradewindbio.com,https://tradewindbio.com,01/01/2018,01/01/2019
a11c26s099,BUMP,,https://sobump.com,01/01/2018,01/01/2019
a11c26s102,Sudden Coffee,www.suddencoffee.com,http://www.suddencoffee.com,01/01/2018,01/01/2019
a11c26s104,Shogun,www.getshogun.com,https://getshogun.com,01/01/2018,01/01/2019
a11c26s105,Tarjimly,www.tarjim.ly,https://tarjim.ly/,01/01/2018,01/01/2019
a11c26s106,Ovipost,www.ovipost.com,https://www.ovipost.com/,01/01/2018,01/01/2019
a11c26s107,Sixfold Bioscience,www.sixfold.bio,https://www.sixfold.bio/,01/01/2018,01/01/2019
a11c26s108,Nutrigene,www.mynutrigene.com,http://www.mynutrigene.com/,01/01/2018,01/01/2019
a11c26s109,Runa HR,www.runahr.com,http://runahr.com/,01/01/2018,01/01/2019
a11c26s110,Sourcify,,https://www.sourcify.com,01/01/2018,01/01/2019
a11c26s111,Pulse,www.pulse.qa,https://www.pulse.qa,01/01/2018,01/01/2019
a11c26s112,California Dreamin',www.drinkdreamin.com,https://drinkdreamin.com,01/01/2018,01/01/2019
a11c26s114,Promise,,https://www.promise-pay.com/,01/01/2018,01/01/2019
a11c26s115,Reverie Labs,www.reverielabs.com,https://www.reverielabs.com,01/01/2018,01/01/2019
a11c26s116,Memora Health,www.memorahealth.com,https://memorahealth.com,01/01/2018,01/01/2019
a11c26s118,Sqreen,www.sqreen.com,https://www.sqreen.com/,01/01/2018,01/01/2019
a11c26s119,Quantierra,www.quantierra.com,https://www.quantierra.com/,01/01/2018,01/01/2019
a11c26s120,onederful,www.onederful.co,https://www.onederful.co/,01/01/2018,01/01/2019
a11c26s121,OSIMple,www.osimple.co,https://www.osimple.co/,01/01/2018,01/01/2019
a11c26s122,Sketchbox,www.sketchbox3d.com,https://www.sketchbox3d.com,01/01/2018,01/01/2019
a11c26s123,CaptivateIQ,www.captivateiq.com,https://www.captivateiq.com,01/01/2018,01/01/2019
a11c26s124,Lawyaw,www.lawyaw.com,https://www.lawyaw.com,01/01/2018,01/01/2019
a11c26s125,SafetyWing,www.safetywing.com,http://www.safetywing.com,01/01/2018,01/01/2019
a11c26s126,Slite,www.slite.com,http://slite.com,01/01/2018,01/01/2019
a11c26s127,Bear Flag Robotics,www.bearflagrobotics.com,http://bearflagrobotics.com,01/01/2018,01/01/2019
a11c26s129,Anjuna,www.anjuna.io,https://www.anjuna.io,01/01/2018,01/01/2019
a11c26s130,The One Health Company,www.fidocure.com,https://www.fidocure.com/,01/01/2018,01/01/2019
a11c26s131,Patchd Medical,www.patchdmedical.com,http://patchdmedical.com/,01/01/2018,01/01/2019
a11c26s132,Piccolo,www.piccololabs.com,https://piccololabs.com/,01/01/2018,01/01/2019
a11c26s133,Culture Robotics,www.culturebiosciences.com,https://www.culturebiosciences.com/,01/01/2018,01/01/2019
a11c26s134,Torch,www.torch.io,https://torch.io/,01/01/2018,01/01/2019
a11c26s135,Repl.it,,https://replit.com,01/01/2018,01/01/2019
a11c26s136,EnvKey,www.envkey.com,https://www.envkey.com/,01/01/2018,01/01/2019
a11c26s137,TrapFi,www.trapfi.com,http://www.trapfi.com/,01/01/2018,01/01/2019
a11c26s138,LetsDoThis.com,www.letsdothis.com,https://www.letsdothis.com/,01/01/2018,01/01/2019
a11c26s140,Juni Learning,www.junilearning.com,https://junilearning.com/,01/01/2018,01/01/2019
a11c26s141,AesculaTech,www.aesculatech.com,https://aesculatech.com/,01/01/2018,01/01/2019
a11c27s001,Optic,www.useoptic.com,https://useoptic.com/,01/06/2018,01/06/2019
a11c27s003,HoneyLove,,https://www.honeylove.com,01/06/2018,01/06/2019
a11c27s004,Klarity,,https://www.tryklarity.com,01/06/2018,01/06/2019
a11c27s005,Viaopt,www.viaopt.com,https://www.viaopt.com,01/06/2018,01/06/2019
a11c27s006,Four Growers,www.fourgrowers.co,https://fourgrowers.co,01/06/2018,01/06/2019
a11c27s007,Regology,www.regology.com,https://www.regology.com/,01/06/2018,01/06/2019
a11c27s008,Incentivai,www.incentivai.co,http://incentivai.co/,01/06/2018,01/06/2019
a11c27s010,Penta Medical,www.pentavo.com,http://pentavo.com/,01/06/2018,01/06/2019
a11c27s011,Togg,www.pineparkhealth.com,https://www.pineparkhealth.com,01/06/2018,01/06/2019
a11c27s012,Modern Treasury,www.moderntreasury.com,https://www.moderntreasury.com/,01/06/2018,01/06/2019
a11c27s013,64-x,,https://www.64xbio.com,01/06/2018,01/06/2019
a11c27s014,miru,www.miruhome.com,https://www.miruhome.com/,01/06/2018,01/06/2019
a11c27s015,Sterblue,www.sterblue.com,http://www.sterblue.com/,01/06/2018,01/06/2019
a11c27s016,Toybox,www.toyboxsystems.com,https://www.toyboxsystems.com,01/06/2018,01/06/2019
a11c27s018,Hepatx,www.hepatx.com,http://hepatx.com,01/06/2018,01/06/2019
a11c27s019,Anima App,www.animaapp.com,http://www.animaapp.com,01/06/2018,01/06/2019
a11c27s020,Tenderd,www.tenderd.com,https://www.tenderd.com/,01/06/2018,01/06/2019
a11c27s021,Tall Poppy,www.tallpoppy.com,https://tallpoppy.com,01/06/2018,01/06/2019
a11c27s022,Federacy,,https://www.federacy.com/#top,01/06/2018,01/06/2019
a11c27s023,BHRD,,https://bhrdglobal.com,01/06/2018,01/06/2019
a11c27s024,HeyDoctor,,https://www.goodrx.com,01/06/2018,01/06/2019
a11c27s025,Leena AI,www.leena.ai,https://www.leena.ai/,01/06/2018,01/06/2019
a11c27s026,BuyCoins,,https://buycoins.africa/,01/06/2018,01/06/2019
a11c27s027,LemonBox,,http://lemonbox.com.cn/#/,01/06/2018,01/06/2019
a11c27s029,ExceptionALLY,www.growexceptionally.com,https://growexceptionally.com/,01/06/2018,01/06/2019
a11c27s030,Prodigal Technologies,www.prodigaltech.com,https://prodigaltech.com/,01/06/2018,01/06/2019
a11c27s032,Cloud Workout,www.cloudworkout.com,https://www.cloudworkout.com/,01/06/2018,01/06/2019
a11c27s033,Mylk Guys,www.mylkguys.com,https://www.mylkguys.com/,01/06/2018,01/06/2019
a11c27s034,The Good Food Institute,www.gfi.org,http://www.gfi.org,01/06/2018,01/06/2019
a11c27s035,RealtyBits,,https://realtybits.com/,01/06/2018,01/06/2019
a11c27s036,The Buttermilk Company,www.thebuttermilkco.com,https://thebuttermilkco.com/,01/06/2018,01/06/2019
a11c27s037,ZiffyHomes,www.ziffyhomes.com,http://www.ziffyhomes.com/,01/06/2018,01/06/2019
a11c27s039,Grabb-It,,https://grabb-it.io/,01/06/2018,01/06/2019
a11c27s040,Seattle Food Tech,www.rebellyous.com,http://rebellyous.com/,01/06/2018,01/06/2019
a11c27s041,AnnieCannons,,http://www.anniecannons.com/,01/06/2018,01/06/2019
a11c27s042,Fintual,,https://fintual.cl,01/06/2018,01/06/2019
a11c27s043,Bot M.D.,www.botmd.io,https://www.botmd.io,01/06/2018,01/06/2019
a11c27s044,HappiLabs,www.happilabs.org,https://www.happilabs.org/,01/06/2018,01/06/2019
a11c27s045,Numericcal,www.numericcal.com,http://numericcal.com,01/06/2018,01/06/2019
a11c27s046,Names & Faces,www.namesandfaces.com,https://www.namesandfaces.com,01/06/2018,01/06/2019
a11c27s047,Kobo360,www.kobo360.com,https://www.kobo360.com/,01/06/2018,01/06/2019
a11c27s048,Emojer,,https://emojer.app/,01/06/2018,01/06/2019
a11c27s049,SPATE,www.spate.nyc,https://spate.nyc,01/06/2018,01/06/2019
a11c27s050,Canary Technologies,www.canarytechnologies.com,https://www.canarytechnologies.com/,01/06/2018,01/06/2019
a11c27s051,Osh's Affordable Pharmaceuticals,,https://oshpharma.com/,01/06/2018,01/06/2019
a11c27s052,Mutiny,www.mutinyhq.com,,01/06/2018,01/06/2019
a11c27s053,Qurasense,,https://qvin.com/,01/06/2018,01/06/2019
a11c27s054,Send Reality,,http://sendreality.com/,01/06/2018,01/06/2019
a11c27s055,RevenueCat,www.revenuecat.com,https://www.revenuecat.com,01/06/2018,01/06/2019
a11c27s056,Spero Foods,,https://www.sperofoods.co/,01/06/2018,01/06/2019
a11c27s057,Skydrop,www.skydropx.com,https://www.skydropx.com,01/06/2018,01/06/2019
a11c27s058,Cambridge Glycoscience,www.supplant.com,https://www.supplant.com/,01/06/2018,01/06/2019
a11c27s059,Dataform,www.dataform.co,https://dataform.co/,01/06/2018,01/06/2019
a11c27s060,Enveritas,www.enveritas.org,https://www.enveritas.org/,01/06/2018,01/06/2019
a11c27s061,Inokyo,www.inokyo.com,https://www.inokyo.com/,01/06/2018,01/06/2019
a11c27s062,And Comfort,www.andcomfort.com,https://www.andcomfort.com/,01/06/2018,01/06/2019
a11c27s063,Outvote,,https://www.impactive.io/,01/06/2018,01/06/2019
a11c27s064,Sparkswap,www.sparkswap.com,https://sparkswap.com/,01/06/2018,01/06/2019
a11c27s065,JITX,www.jitx.com,https://www.jitx.com/,01/06/2018,01/06/2019
a11c27s066,Savvy,,https://trysavvy.com/,01/06/2018,01/06/2019
a11c27s067,Data Driven Bioscience,www.datadrivenbioscience.com,http://datadrivenbioscience.com/,01/06/2018,01/06/2019
a11c27s068,Emptor,www.emptor.ai,http://www.emptor.ai/,01/06/2018,01/06/2019
a11c27s069,Dinesafe,,https://dinesafe.org/,01/06/2018,01/06/2019
a11c27s070,MOMENTUS,www.momentus.space,http://momentus.space/,01/06/2018,01/06/2019
a11c27s071,C16 Biosciences,www.c16bio.com,https://www.c16bio.com/,01/06/2018,01/06/2019
a11c27s072,Synvivia,www.synvivia.com,https://www.synvivia.com/,01/06/2018,01/06/2019
a11c27s073,ShopWith,,https://www.shopwith.co/,01/06/2018,01/06/2019
a11c27s074,Kyte,www.kyte.ai,https://kyte.ai/,01/06/2018,01/06/2019
a11c27s075,Plexus,www.plexus.im,http://plexus.im,01/06/2018,01/06/2019
a11c27s078,iLabService,,http://www.ilabservice.com/en,01/06/2018,01/06/2019
a11c27s079,Allotrope Medical,www.allotropemed.com,http://allotropemed.com,01/06/2018,01/06/2019
a11c27s080,Scanwell Health,www.scanwellhealth.com,https://scanwellhealth.com/,01/06/2018,01/06/2019
a11c27s081,OkCredit,www.okcredit.in,https://www.okcredit.in/,01/06/2018,01/06/2019
a11c27s082,Fixers,www.easol.com,https://www.easol.com,01/06/2018,01/06/2019
a11c27s083,DreamCraft,www.dreamcraft.com,https://www.dreamcraft.com/,01/06/2018,01/06/2019
a11c27s084,BrainHi,,https://www.brainhi.com/english-brainhi,01/06/2018,01/06/2019
a11c27s086,Titan,,https://www.titan.com,01/06/2018,01/06/2019
a11c27s087,MAC'D,www.alacouch.com,https://alacouch.com,01/06/2018,01/06/2019
a11c27s089,Rain Neuromorphics,www.rain.ai,http://rain.ai,01/06/2018,01/06/2019
a11c27s090,Papa,,http://www.joinpapa.com,01/06/2018,01/06/2019
a11c27s091,CSPA,www.cspa.io,https://cspa.io/,01/06/2018,01/06/2019
a11c27s092,JetLenses,,https://beta.jetlenses.com/,01/06/2018,01/06/2019
a11c27s093,OpenPhone,www.openphone.co,https://www.openphone.co/,01/06/2018,01/06/2019
a11c27s094,College Pulse,www.collegepulse.com,https://collegepulse.com/,01/06/2018,01/06/2019
a11c27s095,Radix Labs,www.radix.bio,http://radix.bio/,01/06/2018,01/06/2019
a11c27s096,hypcloud,,https://www.hypcloud.com,01/06/2018,01/06/2019
a11c27s098,Inscribe,www.inscribe.ai,http://www.inscribe.ai,01/06/2018,01/06/2019
a11c27s099,CB Therapeutics,www.cbthera.com,https://cbthera.com/,01/06/2018,01/06/2019
a11c27s100,ARI (Augmented Radar Imaging),,https://augmentedradar.com/#,01/06/2018,01/06/2019
a11c27s101,Reformer Therapeutics,,https://perception.bio/,01/06/2018,01/06/2019
a11c27s102,Camelot.ai,,https://camelot.ai/,01/06/2018,01/06/2019
a11c27s104,Ajaib,www.ajaib.co.id,https://www.ajaib.co.id,01/06/2018,01/06/2019
a11c27s105,INKHUNTER,,http://www.inkhunter.tattoo,01/06/2018,01/06/2019
a11c27s109,demonpore,,https://demonpore.com/,01/06/2018,01/06/2019
a11c27s110,Ubits,,https://ubits.mx,01/06/2018,01/06/2019
a11c27s112,Grin,www.ongrin.com,https://www.ongrin.com,01/06/2018,01/06/2019
a11c27s115,Public Recreation,,https://publicrecreation.com/,01/06/2018,01/06/2019
a11c27s116,OneGraph,www.onegraph.com,https://www.onegraph.com,01/06/2018,01/06/2019
a11c27s118,AskMyClass,,https://goaskmyclass.com/,01/06/2018,01/06/2019
a11c27s119,Snark AI,www.activeloop.ai,https://activeloop.ai,01/06/2018,01/06/2019
a11c27s120,Cytera CellWorks,,https://www.mytos.bio/,01/06/2018,01/06/2019
a11c27s121,Goodly,www.goodlyapp.com,https://www.goodlyapp.com/,01/06/2018,01/06/2019
a11c27s122,Curebase,www.curebase.com,https://www.curebase.com,01/06/2018,01/06/2019
a11c27s123,BlueCargo,www.bluecargo.io,https://www.bluecargo.io/,01/06/2018,01/06/2019
a11c27s124,FREY,www.frey.com,https://frey.com/,01/06/2018,01/06/2019
a11c27s125,CowryWise,www.cowrywise.com,https://cowrywise.com,01/06/2018,01/06/2019
a11c27s126,Phiar,www.phiar.net,https://www.phiar.net,01/06/2018,01/06/2019
a11c27s127,Alpha Vantage,www.alphavantage.co,https://www.alphavantage.co,01/06/2018,01/06/2019
a11c27s128,Berbix,www.berbix.com,https://www.berbix.com,01/06/2018,01/06/2019
a11c27s129,Higia,www.evacenter.com,https://evacenter.com/,01/06/2018,01/06/2019
a11c27s130,Oxygen,www.oxygen.us,https://www.oxygen.us,01/06/2018,01/06/2019
a13c01s001,Sniply,,,01/09/2010,01/09/2011
a13c01s002,Postmates,www.postmates.com,https://postmates.com,01/09/2010,01/09/2011
a13c01s003,Hug Energy,www.hugenergy.com,http://www.hugenergy.com,01/09/2010,01/09/2011
a13c01s004,Adku,www.adku.com,http://www.adku.com,01/09/2010,01/09/2011
a13c01s005,RollCall,,http://roll.to,01/09/2010,01/09/2011
a13c01s006,EggCartel,,http://www.eggcartel.com,01/09/2010,01/09/2011
a13c01s007,curated.by,www.curated.by,http://www.curated.by,01/09/2010,01/09/2011
a13c01s008,MoPub,www.mopub.com,http://www.mopub.com,01/09/2010,01/09/2011
a13c01s009,AllTrails.com,www.alltrails.com,https://www.alltrails.com,01/09/2010,01/09/2011
a13c02s001,Kismet,,http://www.getkismet.com,01/03/2011,29/02/2012
a13c02s002,Cloudbot,www.cloudbot.com,http://cloudbot.com,01/03/2011,29/02/2012
a13c02s003,Hopscotch,www.usehopscotch.com,http://www.usehopscotch.com,01/03/2011,29/02/2012
a13c02s004,Stickery,www.stickeryapp.com,http://stickeryapp.com,01/03/2011,29/02/2012
a13c02s006,Astrid,www.astrid.com,http://astrid.com,01/03/2011,29/02/2012
a13c02s007,Yobble,,http://iphoneairguitar.com,01/03/2011,29/02/2012
a13c02s010,SecondLeap,,http://www.secondleap.com,01/03/2011,29/02/2012
a13c02s011,Hall (was Companyline),www.hall.com,,01/03/2011,29/02/2012
a13c02s012,FeedGen,,http://www.feedgen.com,01/03/2011,29/02/2012
a13c02s013,Crittercism,www.apteligent.com,https://www.apteligent.com,01/03/2011,29/02/2012
a13c02s014,CoverHound,www.coverhound.com,http://www.coverhound.com,01/03/2011,29/02/2012
a13c03s001,Wishery,,http://www.wishery.com,01/09/2011,31/08/2012
a13c03s002,Pipedrive,www.pipedrive.com,https://www.pipedrive.com,01/09/2011,31/08/2012
a13c03s003,Vungle,www.vungle.com,http://www.vungle.com,01/09/2011,31/08/2012
a13c03s004,Buffer,www.buffer.com,https://buffer.com,01/09/2011,31/08/2012
a13c03s005,SimpleReach,www.simplereach.com,http://simplereach.com,01/09/2011,31/08/2012
a13c03s006,Frugalo,www.frugalo.com,http://frugalo.com,01/09/2011,31/08/2012
a13c03s007,ShopLogic,www.goshoplogic.com,http://www.goshoplogic.com,01/09/2011,31/08/2012
a13c03s008,Ribbon,www.ribbon.co,http://www.ribbon.co,01/09/2011,31/08/2012
a13c03s010,SourceNinja,www.sourceninja.com,http://www.sourceninja.com,01/09/2011,31/08/2012
a13c03s012,TapViva,,http://tapviva.com,01/09/2011,31/08/2012
a13c03s013,LendFriend,,http://lendfriend.com,01/09/2011,31/08/2012
a13c03s014,iDoneThis,www.idonethis.com,http://idonethis.com,01/09/2011,31/08/2012
a13c03s015,Prizzm,,http://www.prizzm.com,01/09/2011,31/08/2012
a13c03s016,Like Andy,,http://www.likeandy.com,01/09/2011,31/08/2012
a13c04s001,Academize,www.academize.com,http://www.academize.com,01/03/2012,01/03/2013
a13c04s002,ElasticBox,www.elasticbox.com,http://www.elasticbox.com,01/03/2012,01/03/2013
a13c04s003,Mobile Captain,www.mobilecaptain.com,http://www.mobilecaptain.com,01/03/2012,01/03/2013
a13c04s004,RolePoint,www.rolepoint.com,http://www.rolepoint.com,01/03/2012,01/03/2013
a13c04s005,Piggybackr,www.piggybackr.com,http://www.piggybackr.com,01/03/2012,01/03/2013
a13c04s006,Spotsetter,www.spotsetter.com,http://spotsetter.com,01/03/2012,01/03/2013
a13c04s007,Osito (was Embark Anywhere),www.getosito.com,http://www.getosito.com,01/03/2012,01/03/2013
a13c04s008,Pict (was Dro.pt),www.pict.com,http://www.pict.com,01/03/2012,01/03/2013
a13c04s009,Spotivate,www.spotivate.com,http://www.spotivate.com,01/03/2012,01/03/2013
a13c04s010,Runnable,,https://runnable.com,01/03/2012,01/03/2013
a13c05s001,UpCounsel,www.upcounsel.com,http://www.upcounsel.com/,01/09/2012,01/09/2013
a13c05s002,CISimple,www.cisimple.com,http://www.cisimple.com,01/09/2012,01/09/2013
a13c05s003,Boomtrain,www.boomtrain.com,http://boomtrain.com,01/09/2012,01/09/2013
a13c05s005,Periscope,www.periscopedata.com,http://periscopedata.com,01/09/2012,01/09/2013
a13c05s006,ScaleGrid,www.scalegrid.io,https://scalegrid.io/,01/09/2012,01/09/2013
a13c05s007,Circl,,http://circl.com,01/09/2012,01/09/2013
a13c05s008,Shop2,,http://shop2.com,01/09/2012,01/09/2013
a13c05s009,Storefront,www.thestorefront.com,https://www.thestorefront.com/,01/09/2012,01/09/2013
a13c05s010,Kinnek,www.kinnek.com,http://www.kinnek.com,01/09/2012,01/09/2013
a13c05s011,Buyou,www.buyouapp.com,http://www.buyouapp.com,01/09/2012,01/09/2013
a13c05s012,Tray,www.tray.io,http://tray.io,01/09/2012,01/09/2013
a13c06s001,Boxbee,,https://www.boxbee.com/,01/03/2013,01/03/2014
a13c06s002,DroneDeploy,www.dronedeploy.com,http://www.dronedeploy.com,01/03/2013,01/03/2014
a13c06s003,TrulyWireless,www.truly.co,http://truly.co,01/03/2013,01/03/2014
a13c06s004,Pogoseat,www.pogoseat.com,https://www.pogoseat.com/,01/03/2013,01/03/2014
a13c06s005,Audience.fm,,http://www.audience.fm,01/03/2013,01/03/2014
a13c06s006,Roobiq,www.roobiq.com,http://www.roobiq.com,01/03/2013,01/03/2014
a13c06s007,Chasm.io,www.chasm.io,http://chasm.io,01/03/2013,01/03/2014
a13c06s008,Fieldwire,www.fieldwire.com,https://www.fieldwire.com,01/03/2013,01/03/2014
a13c06s009,HumanAPI,www.humanapi.co,http://humanapi.co,01/03/2013,01/03/2014
a13c06s010,SensorTower,www.sensortower.com,http://sensortower.com,01/03/2013,01/03/2014
a13c06s011,TheShelf,www.theshelf.com,https://theshelf.com,01/03/2013,01/03/2014
a13c06s012,Iterable,www.iterable.com,http://iterable.com/,01/03/2013,01/03/2014
a13c07s001,JiggList,www.jigglist.com,http://jigglist.com,01/01/2014,01/01/2015
a13c07s002,Arthena,www.arthena.com,http://arthena.com,01/01/2014,01/01/2015
a13c07s003,Hiveary,www.hiveary.com,,01/01/2014,01/01/2015
a13c07s004,Seed.jobs,,http://www.seed.jobs,01/01/2014,01/01/2015
a13c07s005,MediSyn,www.medisyn.co,,01/01/2014,01/01/2015
a13c07s006,Paintzen,www.paintzen.com,http://www.paintzen.com,01/01/2014,01/01/2015
a13c07s007,Beamery,www.beamery.com,http://beamery.com,01/01/2014,01/01/2015
a13c07s008,PeopleGoal,www.peoplegoal.com,https://www.peoplegoal.com,01/01/2014,01/01/2015
a13c07s009,ValetAnywhere,www.valetanywhere.com,http://www.valetanywhere.com/,01/01/2014,01/01/2015
a13c07s011,Blitzen,www.blitzen.com,http://blitzen.com/,01/01/2014,01/01/2015
a13c07s012,GradSavers,www.gradible.com,http://www.gradible.com,01/01/2014,01/01/2015
a13c07s013,TapFwd,www.wove.com,,01/01/2014,01/01/2015
a13c08s001,Allay,www.allay.io,http://allay.io/,01/10/2014,01/10/2015
a13c08s002,Viraltag,,http://www.viraltag.com,01/10/2014,01/10/2015
a13c08s003,Agentdesks,www.radiusagent.com,,01/10/2014,01/10/2015
a13c08s004,CStorePro,www.cstorepro.com,https://www.pdicstoreessentials.com,01/10/2014,01/10/2015
a13c08s005,Publet,www.publet.com,http://publet.com/,01/10/2014,01/10/2015
a13c08s006,Process Street,www.process.st,http://process.st,01/10/2014,01/10/2015
a13c08s007,Mammoth,www.mammothhq.com,https://mammothhq.com,01/10/2014,01/10/2015
a13c08s008,HelloSponsor,www.hellosponsor.com,http://hellosponsor.com,01/10/2014,01/10/2015
a13c08s009,Courseloads,,http://courseloads.com/,01/10/2014,01/10/2015
a13c08s010,Hirecanvas,www.hirecanvas.com,http://www.hirecanvas.com,01/10/2014,01/10/2015
a13c08s011,Cookunity,www.cookunity.com,http://www.cookunity.com,01/10/2014,01/10/2015
a13c08s012,PitchTop,,,01/10/2014,01/10/2015
a13c08s013,OpenSilo,www.opensilo.co,http://opensilo.co,01/10/2014,01/10/2015
a13c09s001,One Rooftop,www.onerooftop.com,http://www.onerooftop.com,01/08/2015,31/07/2016
a13c09s002,Sous,www.sousapp.com,http://www.sousapp.com,01/08/2015,31/07/2016
a13c09s003,Hive,www.hive.com,https://hive.com/,01/08/2015,31/07/2016
a13c09s004,Telepat,www.telepat.io,http://telepat.io/,01/08/2015,31/07/2016
a13c09s005,Zum,www.ridezum.com,http://www.ridezum.com,01/08/2015,31/07/2016
a13c09s006,Vesper,www.getvesper.com,http://www.getvesper.com,01/08/2015,31/07/2016
a13c09s007,Parabola,www.parabola.io,https://www.parabola.io/,01/08/2015,31/07/2016
a13c09s008,Astronomer,www.astronomer.io,https://www.astronomer.io/,01/08/2015,31/07/2016
a13c09s009,Sync Ninja,www.syncninja.com,http://www.syncninja.com/,01/08/2015,31/07/2016
a13c09s010,8,www.iam8.tv,http://iam8.tv/,01/08/2015,31/07/2016
a13c09s011,Bedly,www.bedly.com,https://bedly.com,01/08/2015,31/07/2016
a13c09s012,Postmore,www.postmore.com,http://www.postmore.com,01/08/2015,31/07/2016
a13c09s013,Simplifeye,,https://simplifeye.co,01/08/2015,31/07/2016
a13c10s001,Mobile Bigfoot,www.mobilebigfoot.com,http://mobilebigfoot.com/,01/06/2016,01/06/2017
a13c10s002,NexGenT,www.nexgent.com,http://www.nexgent.com,01/06/2016,01/06/2017
a13c10s003,LoftSmart,,https://loftsmart.com/,01/06/2016,01/06/2017
a13c10s004,KeyReply,www.keyreply.com,https://keyreply.com,01/06/2016,01/06/2017
a13c10s005,Lanebeacon,www.lanebeacon.com,http://lanebeacon.com,01/06/2016,01/06/2017
a13c10s006,Moved,www.moved.com,https://moved.com/,01/06/2016,01/06/2017
a13c10s007,UnStock,,https://info.unstock.io/,01/06/2016,01/06/2017
a13c10s008,HypeLabs,www.hypelabs.io,http://www.hypelabs.io,01/06/2016,01/06/2017
a13c10s009,Oco,www.getoco.com,http://getoco.com,01/06/2016,01/06/2017
a13c10s010,Outwork,www.outwork.com,https://outwork.com,01/06/2016,01/06/2017
a13c10s011,Polybit,,http://polybit.com/,01/06/2016,01/06/2017
a13c10s012,equire.co,www.equire.co,http://www.equire.co,01/06/2016,01/06/2017
a13c11s001,EuMotus,www.eumotus.com,https://www.eumotus.com,01/01/2018,01/01/2019
a13c11s002,HaulerAds,www.movia.media,,01/01/2018,01/01/2019
a13c11s003,Repetere,www.repetere.ai,https://repetere.ai/,01/01/2018,01/01/2019
a13c11s004,Meemo,,http://www.watchplaybook.com,01/01/2018,01/01/2019
a13c11s005,Quoteapro,,https://quoteapro.com/,01/01/2018,01/01/2019
a13c11s006,Pilotship,www.pilotship.com,https://pilotship.com,01/01/2018,01/01/2019
a13c11s008,ConferencePulse,,https://www.introeq.com,01/01/2018,01/01/2019
a13c11s009,Gatik AI,www.gatik.ai,http://www.gatik.ai/,01/01/2018,01/01/2019
a13c11s010,HIGGS,www.higgs.live,https://higgs.live,01/01/2018,01/01/2019
a13c12s001,RamenHero,www.ramenhero.com,http://www.ramenhero.com/,01/01/2019,01/01/2020
a13c12s002,FunnelFox,www.funnelfox.com,https://www.funnelfox.com,01/01/2019,01/01/2020
a13c12s003,COMUNITYmade,www.comunitymade.com,http://www.comunitymade.com,01/01/2019,01/01/2020
a13c12s004,Foresite.ai,www.foresite.ai,https://foresite.ai,01/01/2019,01/01/2020
a13c12s006,House of Gigs,www.houseofgigs.io,https://houseofgigs.io,01/01/2019,01/01/2020
a13c12s007,LegalPassage,www.legalpassage.com,http://www.legalpassage.com/,01/01/2019,01/01/2020
a13c12s008,ChargingLedger,www.ampcontrol.io,https://www.ampcontrol.io/,01/01/2019,01/01/2020
a13c12s009,Revetize,www.revetize.com,https://revetize.com/,01/01/2019,01/01/2020
a13c12s010,Spacey,www.spaceystudios.com,https://spaceystudios.com,01/01/2019,01/01/2020
a13c12s012,Piio,www.piio.co,https://piio.co,01/01/2019,01/01/2020
a13c12s013,Duality.ai,www.duality.ai,,01/01/2019,01/01/2020
a13c12s014,Aitivity,www.aitivity.com,https://www.aitivity.com/,01/01/2019,01/01/2020
a13c12s015,LotSpot,,https://www.lotspot.co,01/01/2019,01/01/2020
a13c12s016,ByteRyde,www.byteryde.com,https://www.byteryde.com,01/01/2019,01/01/2020
a13c12s017,MetaRouter,www.metarouter.io,https://metarouter.io,01/01/2019,01/01/2020
a13c12s018,PieSlice,www.pieslice.com,https://pieslice.com,01/01/2019,01/01/2020
a13c12s019,Twic,,https://joinforma.com,01/01/2019,01/01/2020
a141c01s001,Favor,www.favordelivery.com,http://www.favordelivery.com,01/01/2013,01/01/2014
a141c01s003,Rebel Coast Winery,,http://www.rebelcoastwinery.com,01/01/2013,01/01/2014
a141c01s004,Scalpr,,http://www.ticketscalpr.com/,01/01/2013,01/01/2014
a141c01s005,Down,www.downapp.com,http://www.downapp.com,01/01/2013,01/01/2014
a141c01s006,Ziibra,www.ziibra.com,http://www.ziibra.com,01/01/2013,01/01/2014
a141c01s007,Vectera,www.vectera.com,https://go.vectera.com,01/01/2013,01/01/2014
a141c01s008,Gumball,www.getgumball.com,http://www.getgumball.com/,01/01/2013,01/01/2014
a141c02s002,Cycle,,http://www.cycleapplications.com,01/06/2013,01/06/2014
a141c02s003,AuditFile,www.auditfile.com,http://www.auditfile.com,01/06/2013,01/06/2014
a141c02s004,AppFuel,www.appfuel.me,http://appfuel.me,01/06/2013,01/06/2014
a141c02s005,VerifyBTC,www.verifybtc.com,https://verifybtc.com/,01/06/2013,01/06/2014
a141c02s006,BitWall,www.bitwall.io,http://www.bitwall.io,01/06/2013,01/06/2014
a141c02s007,Battr,www.battr.com,https://battr.in,01/06/2013,01/06/2014
a141c02s009,CommitChange,www.commitchange.com,https://www.commitchange.com,01/06/2013,01/06/2014
a141c02s010,Dreambox,,http://3dreambox.com,01/06/2013,01/06/2014
a141c02s011,Mirror,,http://mirrorx.com,01/06/2013,01/06/2014
a141c02s012,BitPagos,,https://www.ripio.com/,01/06/2013,01/06/2014
a141c02s013,Feastly,www.eatfeastly.com,http://eatfeastly.com,01/06/2013,01/06/2014
a141c02s015,Gneo,www.gneo.co,http://www.gneo.co/,01/06/2013,01/06/2014
a141c02s016,CourseOff,www.courseoff.com,https://courseoff.com/,01/06/2013,01/06/2014
a141c02s017,Arbiter,www.arbiter.me,http://arbiter.me,01/06/2013,01/06/2014
a141c03s003,Alphalem,,http://alphalem.com/,01/12/2013,01/12/2014
a141c03s004,snapCard,www.sendwyre.com,,01/12/2013,01/12/2014
a141c03s005,Globevestor,www.globevestor.com,http://www.globevestor.com,01/12/2013,01/12/2014
a141c03s006,Bagaveev Corporation,www.bagaveev.com,http://bagaveev.com,01/12/2013,01/12/2014
a141c03s008,Mevu,www.vusecurity.com,http://www.vusecurity.com,01/12/2013,01/12/2014
a141c03s009,Gigawatt,,https://www.gigawatt.co/,01/12/2013,01/12/2014
a141c03s010,Airenvy,www.pillow.com,https://www.pillow.com,01/12/2013,01/12/2014
a141c03s011,Sift,,http://siftcal.com,01/12/2013,01/12/2014
a141c03s012,StrengthPortal,www.strengthportal.com,http://www.strengthportal.com,01/12/2013,01/12/2014
a141c03s013,Coincove,www.mifiel.com,https://www.mifiel.com,01/12/2013,01/12/2014
a141c03s014,Cobalt,www.cobalt.io,,01/12/2013,01/12/2014
a141c03s015,Limitless,,http://www.testlimitless.com/,01/12/2013,01/12/2014
a141c03s016,7shifts,www.7shifts.com,http://7shifts.com,01/12/2013,01/12/2014
a141c03s017,ListenLoop,www.listenloop.com,,01/12/2013,01/12/2014
a141c04s001,Electroloom,www.electroloom.com,http://www.electroloom.com,01/07/2014,01/07/2015
a141c04s002,Coinmotion,www.coinmotion.com,http://coinmotion.com,01/07/2014,01/07/2015
a141c04s003,Gun,,http://gun.js.org,01/07/2014,01/07/2015
a141c04s004,ZapChain,www.zapchain.com,http://www.zapchain.com,01/07/2014,01/07/2015
a141c04s005,Seeds,,http://playseeds.com/,01/07/2014,01/07/2015
a141c04s006,Blossom,www.blossomfinance.com,https://blossomfinance.com,01/07/2014,01/07/2015
a141c04s007,BlockCypher,www.blockcypher.com,http://www.blockcypher.com/,01/07/2014,01/07/2015
a141c04s008,Orboros,www.orboros.io,,01/07/2014,01/07/2015
a141c04s010,Hedgy,www.hedgy.co,https://hedgy.co,01/07/2014,01/07/2015
a141c04s011,Critica,,,01/07/2014,01/07/2015
a141c04s012,Willow,www.startwillow.com,http://www.startwillow.com,01/07/2014,01/07/2015
a141c04s015,HoneyBadgr,www.honeybadgr.com,http://www.honeybadgr.com,01/07/2014,01/07/2015
a141c04s016,Align Commerce,www.veem.com,,01/07/2014,01/07/2015
a141c04s017,Palarin,www.palarin.com,https://palarin.com/,01/07/2014,01/07/2015
a141c04s019,CoinHako,www.coinhako.com,http://www.coinhako.com,01/07/2014,01/07/2015
a141c04s020,HashRabbit,www.hashrabbit.com,https://hashrabbit.com/,01/07/2014,01/07/2015
a141c04s021,CareerDean,,https://careerdean.com,01/07/2014,01/07/2015
a141c04s022,Abra,,http://abra.com,01/07/2014,01/07/2015
a141c04s023,Trending.fm,www.trending.fm,https://trending.fm/,01/07/2014,01/07/2015
a141c04s024,Atlas Card,www.atlas.money,http://atlas.money,01/07/2014,01/07/2015
a141c04s025,Hashed,www.gethashed.com,http://www.gethashed.com,01/07/2014,01/07/2015
a141c04s026,FollowTheCoin,,http://followthecoin.com,01/07/2014,01/07/2015
a141c04s027,Ava,www.ava.me,http://www.ava.me/,01/07/2014,01/07/2015
a141c05s001,BitQuick,www.bitquick.co,https://www.bitquick.co/,01/02/2015,01/02/2016
a141c05s002,BitProof,www.bitproof.io,https://bitproof.io/,01/02/2015,01/02/2016
a141c05s003,Sand Hill Exchange,www.sandhill.exchange,http://sandhill.exchange/,01/02/2015,01/02/2016
a141c05s004,BitRefill,www.bitrefill.com,http://www.bitrefill.com,01/02/2015,01/02/2016
a141c05s006,Fold,www.foldapp.com,https://foldapp.com,01/02/2015,01/02/2016
a141c05s007,BitMesh,www.bitmesh.network,http://bitmesh.network/,01/02/2015,01/02/2016
a141c05s008,Coinage,www.coinage.ph,,01/02/2015,01/02/2016
a141c05s009,Checkbook.io,www.checkbook.io,https://www.checkbook.io,01/02/2015,01/02/2016
a141c05s010,Coinjar,www.coinjar.com,http://www.coinjar.com,01/02/2015,01/02/2016
a141c05s012,BitLendingClub,www.bitlendingclub.com,https://bitlendingclub.com/,01/02/2015,01/02/2016
a141c05s016,Suredbits,www.suredbits.com,https://suredbits.com/,01/02/2015,01/02/2016
a141c05s019,BlinkTrade,www.blinktrade.com,https://blinktrade.com/,01/02/2015,01/02/2016
a141c05s020,Swyft,www.goswift.ly,http://goswift.ly,01/02/2015,01/02/2016
a141c05s021,WorkingOn,www.workingon.co,https://www.workingon.co/,01/02/2015,01/02/2016
a141c05s022,Verse,www.verse.me,https://verse.me,01/02/2015,01/02/2016
a141c05s023,Lawnmower,www.lawnmower.io,http://lawnmower.io,01/02/2015,01/02/2016
a141c05s024,CoinPrism,www.coinprism.com,http://www.coinprism.com,01/02/2015,01/02/2016
a141c05s025,Leetcoin,www.leetcoin.com,,01/02/2015,01/02/2016
a141c05s026,ZapGo,,https://www.zapgo.co,01/02/2015,01/02/2016
a141c05s027,Fiend.fm,www.fiend.fm,http://fiend.fm,01/02/2015,01/02/2016
a141c05s028,Hijro,www.hijro.com,,01/02/2015,01/02/2016
a141c06s001,Pixel Ripped,www.pixelripped.com,http://www.pixelripped.com/,01/07/2015,30/06/2016
a141c06s002,CoinUT,www.coinut.com,https://coinut.com/,01/07/2015,30/06/2016
a141c06s003,Virt,,http://www.virt.mobi,01/07/2015,30/06/2016
a141c06s005,Fearless VR,,http://FearlessVR.com,01/07/2015,30/06/2016
a141c06s006,Plump,www.plump.io,,01/07/2015,30/06/2016
a141c06s008,Ease VR,www.easenewmedia.com,https://www.easenewmedia.com/,01/07/2015,30/06/2016
a141c06s009,DeepGram,www.deepgram.com,,01/07/2015,30/06/2016
a141c06s010,Janus VR,,http://www.janusvr.com/index.html,01/07/2015,30/06/2016
a141c06s014,Joystream,,http://joystream.co/,01/07/2015,30/06/2016
a141c06s015,Beloola,,http://www.beloola.com,01/07/2015,30/06/2016
a141c06s016,Binary VR,,https://www.binaryvr.com,01/07/2015,30/06/2016
a141c06s017,Surreal VR,www.surrealvr.com,,01/07/2015,30/06/2016
a141c06s018,Unimersiv,www.unimersiv.com,https://unimersiv.com,01/07/2015,30/06/2016
a141c06s019,Unocoin,www.unocoin.com,https://www.unocoin.com/,01/07/2015,30/06/2016
a141c06s020,Epiphyte,www.epiphyte.com,,01/07/2015,30/06/2016
a141c06s021,Vizor,www.vizor.io,http://vizor.io,01/07/2015,30/06/2016
a141c07s003,Orb,www.orb.camera,http://www.orb.camera/,01/02/2016,31/01/2017
a141c07s005,Stampery,,http://stampery.com,01/02/2016,31/01/2017
a141c07s006,SpaceSys,,http://www.3deaspacesys.com,01/02/2016,31/01/2017
a141c07s007,3D-SensIR,,http://www.3d-sensir.com/,01/02/2016,31/01/2017
a141c07s009,Jigspace,www.jig.space,https://www.jig.space,01/02/2016,31/01/2017
a141c07s010,orosim,,http://www.orosim.com,01/02/2016,31/01/2017
a141c07s012,intugame,www.quarkxr.com,http://www.quarkxr.com,01/02/2016,31/01/2017
a141c07s014,One Caring Team,www.onecaringteam.com,https://onecaringteam.com/,01/02/2016,31/01/2017
a141c07s015,Realities.io,www.realities.io,http://realities.io/,01/02/2016,31/01/2017
a141c07s016,imgnation,www.imgnation.com.br,http://www.imgnation.com.br/,01/02/2016,31/01/2017
a141c07s017,Magic In Bits,,http://www.magicinbits.com/,01/02/2016,31/01/2017
a141c07s019,Ownership,www.ownership.io,,01/02/2016,31/01/2017
a141c07s020,SculptrVR,www.sculptrvr.com,https://www.sculptrvr.com/,01/02/2016,31/01/2017
a20c01s001,BlenderHouse,www.blenderhouse.com,http://blenderhouse.com/,01/06/2008,01/06/2009
a20c01s002,SkillLife,www.skill-life.com,http://skill-life.com,01/06/2008,01/06/2009
a20c01s003,Crono,www.mycrono.com,http://mycrono.com,01/06/2008,01/06/2009
a20c01s004,GameHuddle,,http://www.gamehuddle.com,01/06/2008,01/06/2009
a20c01s005,Chogger,www.chogger.com,http://chogger.com,01/06/2008,01/06/2009
a20c01s006,Sonya Labs,www.sonyalabs.com,http://sonyalabs.com,01/06/2008,01/06/2009
a20c02s002,Ajax Street,www.ajaxstreet.com,http://www.ajaxstreet.com,01/01/2009,01/01/2010
a20c02s003,InnomiNet,www.bitblinder.com,http://bitblinder.com,01/01/2009,01/01/2010
a20c02s004,Bueda,www.bueda.com,http://www.bueda.com,01/01/2009,01/01/2010
a20c02s005,iTwixie,www.itwixie.com,http://itwixie.com,01/01/2009,01/01/2010
a20c02s006,StockCastr,www.stockcastr.com,http://stockcastr.com,01/01/2009,01/01/2010
a20c03s001,Fooala,www.fooala.com,http://www.fooala.com,01/06/2009,01/06/2010
a20c03s002,Cloudfab,www.cloudfab.com,http://cloudfab.com/,01/06/2009,01/06/2010
a20c03s003,LeftRight Studios,,http://leftright.co,01/06/2009,01/06/2010
a20c03s004,Zipano,www.zipano.com,http://www.zipano.com,01/06/2009,01/06/2010
a20c03s005,NavPrescience,www.navprescience.com,http://www.navprescience.com,01/06/2009,01/06/2010
a20c03s006,Vivo,www.vivolive.com,http://www.vivolive.com,01/06/2009,01/06/2010
a20c04s001,PhotoSynesi,,http://photosynesi.com,01/01/2010,01/01/2011
a20c04s002,Black Locus,www.blacklocus.com,http://www.blacklocus.com,01/01/2010,01/01/2011
a20c04s003,DeviceKnit,,http://25eightsoftware.com,01/01/2010,01/01/2011
a20c04s004,80 Degrees West,www.80dwid.com,http://80dwid.com,01/01/2010,01/01/2011
a20c04s005,Shoefitr,www.shoefitr.com,http://www.shoefitr.com,01/01/2010,01/01/2011
a20c07s001,MakerCraft,www.makercraft.com,http://makercraft.com,01/06/2011,31/05/2012
a20c07s002,ComVibe,,http://comvibe.com,01/06/2011,31/05/2012
a20c07s004,VitalClip,www.vitalclip.com,http://vitalclip.com,01/06/2011,31/05/2012
a20c07s005,Hub19,,http://8020select.com,01/06/2011,31/05/2012
a20c07s006,PHRQL,www.phrql.com,http://www.phrql.com/,01/06/2011,31/05/2012
a20c08s001,Bracketz,,http://bracketz.com,01/01/2012,31/12/2012
a20c08s002,ActivAidedOthotics,www.activaided.com,http://activaided.com,01/01/2012,31/12/2012
a20c08s003,HeadRightGames,www.headrightgames.com,http://headrightgames.com,01/01/2012,31/12/2012
a20c08s004,AccelDiagnostics,www.acceldx.com,http://acceldx.com,01/01/2012,31/12/2012
a20c08s005,RoommateFit,www.roommatefit.com,http://roommatefit.com,01/01/2012,31/12/2012
a20c09s001,Tunessence,www.tunessence.com,http://www.tunessence.com,01/06/2012,01/06/2013
a20c09s002,FutureDerm,www.futurederm.com,http://www.futurederm.com,01/06/2012,01/06/2013
a20c09s003,Aurochs Brewing Company,www.aurochsbrewing.com,http://www.aurochsbrewing.com,01/06/2012,01/06/2013
a20c09s004,Treatspace,www.treatspace.com,http://www.treatspace.com/,01/06/2012,01/06/2013
a20c09s005,CollegeZen,www.collegezen.com,http://www.collegezen.com,01/06/2012,01/06/2013
a20c09s006,AutoRef,www.autoref.com,https://autoref.com/,01/06/2012,01/06/2013
a20c10s001,Meaningfy,www.meaningfy.com,http://meaningfy.com,01/01/2013,01/01/2014
a20c10s002,Digital Dream Labs,www.digitaldreamlabs.com,http://digitaldreamlabs.com,01/01/2013,01/01/2014
a20c10s003,PoweredAnalytics,www.poweredanalytics.com,http://poweredanalytics.com,01/01/2013,01/01/2014
a20c10s005,SolePower,www.solepowertech.com,http://www.solepowertech.com/,01/01/2013,01/01/2014
a20c10s006,Workshirt,www.hitchedpic.com,http://hitchedpic.com,01/01/2013,01/01/2014
a20c11s001,Crowdasaurus,www.crowdasaurus.com,http://www.crowdasaurus.com,01/06/2013,01/06/2014
a20c11s002,ProfilePasser,www.profilepasser.com,http://profilepasser.com,01/06/2013,01/06/2014
a20c11s003,Spacefinity,www.spacefinity.com,http://spacefinity.com,01/06/2013,01/06/2014
a20c11s004,Wing Ma'am,www.wingmaam.com,http://www.wingmaam.com/,01/06/2013,01/06/2014
a20c11s005,Collected,www.collected.io,http://www.collected.io,01/06/2013,01/06/2014
a20c11s006,AthleteTrax,www.athletetrax.info,https://athletetrax.info/,01/06/2013,01/06/2014
a20c11s008,MegaBits,www.megabitsapp.com,http://megabitsapp.com,01/06/2013,01/06/2014
a20c11s009,BudgetSimple,,http://2see.com,01/06/2013,01/06/2014
a31c01s001,Search to Phone,www.searchtophone.com,http://www.searchtophone.com,01/06/2007,31/05/2008
a31c01s003,IntenseDebate,www.intensedebate.com,http://intensedebate.com,01/06/2007,31/05/2008
a31c01s004,Filtrbox,www.filtrbox.com,http://www.filtrbox.com/,01/06/2007,31/05/2008
a31c01s005,Brightkite,www.brightkite.com,https://brightkite.com/,01/06/2007,31/05/2008
a31c01s006,Socialthing,,,01/06/2007,31/05/2008
a31c01s007,madKast,www.madkast.com,http://www.madkast.com,01/06/2007,31/05/2008
a31c01s008,Villij,www.villij.com,http://www.villij.com,01/06/2007,31/05/2008
a31c01s009,J Squared Media,,http://www.j-squaredmedia.com,01/06/2007,31/05/2008
a31c01s010,EventVue,www.eventvue.com,http://www.eventvue.com,01/06/2007,31/05/2008
a31c02s001,Devver,www.devver.net,http://devver.net,01/06/2008,01/06/2009
a31c02s002,UsingMiles,www.usingmiles.com,http://www.usingmiles.com,01/06/2008,01/06/2009
a31c02s003,ignighter,www.stepout.com,https://www.twoo.com,01/06/2008,01/06/2009
a31c02s004,Gyminee,www.dailyburn.com,http://www.dailyburn.com,01/06/2008,01/06/2009
a31c02s006,The Highway Girl,www.thehighwaygirl.com,http://www.thehighwaygirl.com,01/06/2008,01/06/2009
a31c02s007,Occipital,,http://www.occipital.com,01/06/2008,01/06/2009
a31c02s008,BuyPlayWin,,http://buyplaywin.com,01/06/2008,01/06/2009
a31c02s009,Peoples Software,,http://peoplessoftware.com,01/06/2008,01/06/2009
a31c02s010,Foodzie,www.foodzie.com,http://foodzie.com,01/06/2008,01/06/2009
a31c03s001,Take Comics,www.graphicly.com,http://www.graphicly.com,01/06/2009,01/06/2010
a31c03s002,Rezora,www.rezora.com,http://www.rezora.com,01/06/2009,01/06/2010
a31c03s003,Next Big Sound,www.nextbigsound.com,http://www.nextbigsound.com,01/06/2009,01/06/2010
a31c03s004,Vanilla Forums,www.vanillaforums.com,https://www.vanillaforums.com,01/06/2009,01/06/2010
a31c03s005,Retel Technologies,www.reteltechnologies.com,http://www.reteltechnologies.com,01/06/2009,01/06/2010
a31c03s006,Spry,www.spryplanner.com,http://www.spryplanner.com,01/06/2009,01/06/2010
a31c03s007,SendGrid,www.sendgrid.com,http://www.sendgrid.com,01/06/2009,01/06/2010
a31c03s008,Everlater,www.everlater.com,http://www.everlater.com,01/06/2009,01/06/2010
a31c03s009,SnapABug,,http://www.timzon.com,01/06/2009,01/06/2010
a31c03s010,Mailana,,http://www.mailana.com,01/06/2009,01/06/2010
a31c04s001,AmpIdea,www.ampidea.com,http://www.ampidea.com,01/06/2009,01/06/2010
a31c04s002,Localytics,,https://uplandsoftware.com/localytics,01/06/2009,01/06/2010
a31c04s003,HaveMyShift,www.havemyshift.com,http://www.havemyshift.com,01/06/2009,01/06/2010
a31c04s004,LangoLab,www.langolab.com,http://www.langolab.com,01/06/2009,01/06/2010
a31c04s005,oneforty,www.oneforty.com,http://oneforty.com,01/06/2009,01/06/2010
a31c04s006,Baydin,www.boomerangapp.com,http://boomerangapp.com,01/06/2009,01/06/2010
a31c04s007,TempMine,www.tempmine.com,http://www.tempmine.com,01/06/2009,01/06/2010
a31c04s008,Sensobi,www.sensobi.com,http://www.sensobi.com,01/06/2009,01/06/2010
a31c04s009,AccelGolf,,http://www.accelgolf.com,01/06/2009,01/06/2010
a31c05s001,Marginize,,http://www.marginize.com,01/03/2010,01/03/2011
a31c05s002,StarStreet,www.playdraft.com,https://playdraft.com,01/03/2010,01/03/2011
a31c05s003,SocialSci,www.socialsci.com,http://www.socialsci.com,01/03/2010,01/03/2011
a31c05s004,TutorialTab,www.tutorialtab.com,http://tutorialtab.com,01/03/2010,01/03/2011
a31c05s005,Mogotest,www.mogotest.com,http://mogotest.com,01/03/2010,01/03/2011
a31c05s007,Monkey Analytics,www.monkeyanalytics.com,http://monkeyanalytics.com,01/03/2010,01/03/2011
a31c05s008,UserMojo,www.usermojo.com,http://www.usermojo.com,01/03/2010,01/03/2011
a31c05s009,Sparkcloud,www.sparkcloud.com,http://sparkcloud.com,01/03/2010,01/03/2011
a31c05s010,Loudcaster,www.loudcaster.com,http://loudcaster.com,01/03/2010,01/03/2011
a31c06s001,Adstruc,www.pjxmedia.com,https://pjxmedia.com/,01/06/2010,01/06/2011
a31c06s002,Kapost,www.kapost.com,http://kapost.com,01/06/2010,01/06/2011
a31c06s003,ScriptPad,www.scriptpad.net,http://www.scriptpad.net,01/06/2010,01/06/2011
a31c06s005,Spot Influence,www.spotinfluence.com,http://www.spotinfluence.com,01/06/2010,01/06/2011
a31c06s007,RentMonitor,www.rentmonitor.com,http://www.rentmonitor.com,01/06/2010,01/06/2011
a31c06s008,Omniar,www.lumatic.com,http://www.lumatic.com,01/06/2010,01/06/2011
a31c06s009,RoundPegg,www.roundpegg.com,http://roundpegg.com,01/06/2010,01/06/2011
a31c06s010,Orbotix,www.sphero.com,http://www.sphero.com/,01/06/2010,01/06/2011
a31c06s011,StatsMix,www.statsmix.com,http://www.statsmix.com,01/06/2010,01/06/2011
a31c07s001,Highlighter.com,www.highlighter.com,http://highlighter.com,01/08/2010,01/08/2011
a31c07s002,World Blender,,http://www.worldblender.com,01/08/2010,01/08/2011
a31c07s005,Deal Co-op,,http://dealcoop.com,01/08/2010,01/08/2011
a31c07s006,GoMiles,,http://www.GoMiles.com,01/08/2010,01/08/2011
a31c07s007,Thinkfuse,www.thinkfuse.com,http://www.thinkfuse.com,01/08/2010,01/08/2011
a31c07s008,Cabin Fever Toys,,http://www.cabinfevertoys.com,01/08/2010,01/08/2011
a31c07s009,The Shared Web,www.useframe.com,http://useframe.com,01/08/2010,01/08/2011
a31c07s010,RewardsForce,www.rewardsforce.com,http://www.rewardsforce.com,01/08/2010,01/08/2011
a31c08s001,Immersive Labs,www.immersivelabs.com,https://immersivelabs.com,01/01/2011,01/01/2012
a31c08s002,Red Rover,,http://redroverpilot.launchrock.com/?r=http://www.crunchbase.com/company/red-rover,01/01/2011,01/01/2012
a31c08s003,Nestio,www.funnelleasing.com,,01/01/2011,01/01/2012
a31c08s004,Shelby.tv,,http://shelby.tv,01/01/2011,01/01/2012
a31c08s005,ThinkNear,,http://www.thinknear.com,01/01/2011,01/01/2012
a31c08s006,OnSwipe,www.onswipe.com,http://onswipe.com,01/01/2011,01/01/2012
a31c08s007,Veri,www.veri.com,http://www.veri.com,01/01/2011,01/01/2012
a31c08s008,ToVieFor,www.toviefor.com,http://toviefor.com,01/01/2011,01/01/2012
a31c08s009,MigrationBox,www.shuttlecloud.com,https://www.shuttlecloud.com/,01/01/2011,01/01/2012
a31c08s010,CrowdTwist,,https://www.oracle.com/cx/marketing/,01/01/2011,01/01/2012
a31c08s011,Timehop,www.timehop.com,http://timehop.com,01/01/2011,01/01/2012
a31c09s001,Promoboxx,www.promoboxx.com,https://www.promoboxx.com,01/03/2011,29/02/2012
a31c09s003,Memrise,www.memrise.com,http://www.memrise.com,01/03/2011,29/02/2012
a31c09s004,Ginger.io,www.ginger.com,http://ginger.com,01/03/2011,29/02/2012
a31c09s005,Spill,www.spillnow.com,http://spillnow.com,01/03/2011,29/02/2012
a31c09s006,Senexx,www.senexx.com,http://www.senexx.com,01/03/2011,29/02/2012
a31c09s007,EverTrue,www.evertrue.com,http://www.evertrue.com/,01/03/2011,29/02/2012
a31c09s008,Strohl Medical,,http://www.strohlsf.com,01/03/2011,29/02/2012
a31c09s009,The Tap Lab,www.thetaplab.com,http://www.thetaplab.com,01/03/2011,29/02/2012
a31c09s010,GrabCAD,www.grabcad.com,http://www.grabcad.com,01/03/2011,29/02/2012
a31c09s011,Placester,www.placester.com,https://placester.com,01/03/2011,29/02/2012
a31c09s012,Kinvey,www.kinvey.com,http://www.kinvey.com,01/03/2011,29/02/2012
a31c103s001,fraudmarc,www.fraudmarc.com,https://www.fraudmarc.com/,01/07/2017,01/07/2018
a31c103s002,TheMonetizr,www.themonetizr.com,https://themonetizr.com,01/07/2017,01/07/2018
a31c103s003,Vlipsy,,https://vlipsy.com,01/07/2017,01/07/2018
a31c103s004,2ULaundry,www.2ulaundry.com,https://www.2ulaundry.com/,01/07/2017,01/07/2018
a31c103s005,MoQuality,www.moquality.com,https://moquality.com,01/07/2017,01/07/2018
a31c103s006,FarmCrowdy,www.farmcrowdy.com,https://www.farmcrowdy.com/,01/07/2017,01/07/2018
a31c103s007,Bloveit,www.bloveit.com,https://www.bloveit.com,01/07/2017,01/07/2018
a31c103s008,Collider,www.collidertech.com,http://www.collidertech.com,01/07/2017,01/07/2018
a31c103s009,Rapid RMS,www.rapidrms.com,http://rapidrms.com/,01/07/2017,01/07/2018
a31c103s010,Landing Lion,,https://www.landinglion.com,01/07/2017,01/07/2018
a31c104s001,Elemetric,www.elemetric.io,http://www.elemetric.io,01/07/2017,01/07/2018
a31c104s002,Harbor,www.harborplan.com,https://www.harborplan.com,01/07/2017,01/07/2018
a31c104s003,Futury,www.futury.io,http://www.futury.io,01/07/2017,01/07/2018
a31c104s004,Abode,www.abodehq.com,https://www.abodehq.com,01/07/2017,01/07/2018
a31c104s005,Paladin,www.joinpaladin.com,https://www.joinpaladin.com/,01/07/2017,01/07/2018
a31c104s006,Allie,www.alliebot.com,http://www.alliebot.com,01/07/2017,01/07/2018
a31c104s007,Immersed,,https://immersed.com,01/07/2017,01/07/2018
a31c104s008,4Degrees,www.4degrees.ai,https://4degrees.ai,01/07/2017,01/07/2018
a31c104s009,Swag.com,,http://www.swag.com,01/07/2017,01/07/2018
a31c104s010,Omelas,www.omelas.io,https://www.omelas.io,01/07/2017,01/07/2018
a31c105s002,Slingshot Aerospace,www.slingshotaerospace.com,http://www.slingshotaerospace.com,01/07/2017,01/07/2018
a31c105s004,DirecTech Labs,www.directechlabs.com,http://www.directechlabs.com/,01/07/2017,01/07/2018
a31c105s005,Heartbeat,,https://business.getheartbeat.co/,01/07/2017,01/07/2018
a31c105s006,Avisare,www.avisare.com,https://avisare.com/,01/07/2017,01/07/2018
a31c105s008,Stackin,,http://www.stackin.com,01/07/2017,01/07/2018
a31c105s009,LIV,www.liv.tv,https://liv.tv,01/07/2017,01/07/2018
a31c105s010,Maslo,www.maslo.ai,http://maslo.ai,01/07/2017,01/07/2018
a31c108s001,Gather,www.gatherdata.co,https://gatherdata.co/,01/07/2017,01/07/2018
a31c108s002,Hawthorne,www.hawthorne.co,https://hawthorne.co,01/07/2017,01/07/2018
a31c108s003,Vitally,www.vitally.io,https://vitally.io/,01/07/2017,01/07/2018
a31c108s004,CottageClass,www.cottageclass.com,https://cottageclass.com/,01/07/2017,01/07/2018
a31c108s006,Matchaful,www.matchaful.com,https://www.matchaful.com/,01/07/2017,01/07/2018
a31c108s007,SVRF,www.svrf.com,https://www.svrf.com/,01/07/2017,01/07/2018
a31c108s008,TypeLead,,http://typelead.com,01/07/2017,01/07/2018
a31c108s009,Geopipe,,https://geopi.pe/,01/07/2017,01/07/2018
a31c108s010,Parakeet,,https://braidapp.com,01/07/2017,01/07/2018
a31c108s011,Virgo,www.virgosvs.com,https://virgosvs.com/,01/07/2017,01/07/2018
a31c108s012,PhoneWagon,www.phonewagon.com,http://phonewagon.com,01/07/2017,01/07/2018
a31c108s013,Turing Group,,https://www.turingadvisorygroup.com/,01/07/2017,01/07/2018
a31c10s001,FullContact,www.fullcontact.com,https://www.fullcontact.com,01/05/2011,30/04/2012
a31c10s002,Mocavo,www.mocavo.com,http://www.mocavo.com/,01/05/2011,30/04/2012
a31c10s003,Creative Brain Studios,,http://creativebrain.com/games,01/05/2011,30/04/2012
a31c10s004,Flextrip,www.flextrip.com,http://flextrip.com,01/05/2011,30/04/2012
a31c10s005,SimpleEnergy,www.simpleenergy.com,http://simpleenergy.com,01/05/2011,30/04/2012
a31c10s006,Meal Ticket,www.mealticket.com,https://www.mealticket.com/,01/05/2011,30/04/2012
a31c10s007,ReportGrid,www.precog.com,http://precog.com,01/05/2011,30/04/2012
a31c10s008,TruantToday,www.truanttoday.com,http://truanttoday.com,01/05/2011,30/04/2012
a31c10s009,GoSpotCheck,www.gospotcheck.com,http://www.gospotcheck.com,01/05/2011,30/04/2012
a31c10s010,SocialEngine,,http://www.socialengine.com,01/05/2011,30/04/2012
a31c10s012,FanMix,,http://www.fanmix.com,01/05/2011,30/04/2012
a31c10s013,InboxFever,www.inboxfever.com,http://www.inboxfever.com,01/05/2011,30/04/2012
a31c117s001,SparkCharge,www.sparkcharge.io,https://sparkcharge.io,01/01/2018,01/01/2019
a31c117s002,Openly,www.openly.com,https://openly.com,01/01/2018,01/01/2019
a31c117s003,Meenta,www.meenta.io,https://meenta.io,01/01/2018,01/01/2019
a31c117s005,Sophia,,https://www.trysophia.com/,01/01/2018,01/01/2019
a31c117s006,OpenFrame,,https://getopenframe.com/,01/01/2018,01/01/2019
a31c117s007,Kapsul,www.kapsulair.com,http://www.kapsulair.com,01/01/2018,01/01/2019
a31c117s008,Brio Systems,www.getbrio.com,,01/01/2018,01/01/2019
a31c117s009,Fincura,www.fincura.com,https://www.fincura.com,01/01/2018,01/01/2019
a31c118s001,Vertoe,www.vertoe.com,https://vertoe.com,01/01/2018,01/01/2019
a31c118s003,Altru,www.altrulabs.com,https://www.altrulabs.com/,01/01/2018,01/01/2019
a31c118s004,Kyso,,https://kyso.io/,01/01/2018,01/01/2019
a31c118s005,Loom Network,www.loomx.io,https://loomx.io/,01/01/2018,01/01/2019
a31c118s006,The Clear Cut,www.theclearcut.co,http://www.theclearcut.co,01/01/2018,01/01/2019
a31c118s007,Acculis,www.acculistech.com,http://acculistech.com/,01/01/2018,01/01/2019
a31c118s008,TypingDNA,www.typingdna.com,https://www.typingdna.com,01/01/2018,01/01/2019
a31c118s009,One Step Software,www.onestepsoftware.com,http://www.onestepsoftware.com/,01/01/2018,01/01/2019
a31c118s010,PathSpot,,https://pathspot.com,01/01/2018,01/01/2019
a31c118s011,Streamline Genomics,www.streamlinegenomics.com,http://www.streamlinegenomics.com,01/01/2018,01/01/2019
a31c118s012,Seva,www.hiseva.com,https://www.hiseva.com/,01/01/2018,01/01/2019
a31c118s013,kpiReady,www.kpiready.com,https://kpiready.com/,01/01/2018,01/01/2019
a31c119s001,Skipper,,https://walkskipper.com/,01/01/2018,01/01/2019
a31c119s002,DocStation,www.docstation.co,https://www.docstation.co/,01/01/2018,01/01/2019
a31c119s003,MILKFUL,,https://www.milkful.com,01/01/2018,01/01/2019
a31c119s004,Allstacks,www.allstacks.com,http://www.allstacks.com,01/01/2018,01/01/2019
a31c119s006,Rosso & Flynn,www.rosso-flynn.com,https://rosso-flynn.com/,01/01/2018,01/01/2019
a31c119s007,mesur.io,www.mesur.io,http://www.mesur.io/,01/01/2018,01/01/2019
a31c119s008,SkillPop,www.skillpop.com,https://www.skillpop.com,01/01/2018,01/01/2019
a31c119s009,Transmute,www.transmute.industries,https://transmute.industries/,01/01/2018,01/01/2019
a31c119s010,Locus Insights,www.locusinsights.com,http://www.locusinsights.com/,01/01/2018,01/01/2019
a31c11s001,ChatID,www.welcomecommerce.com,http://welcomecommerce.com,01/07/2011,30/06/2012
a31c11s002,Spontaneously,www.spontaneously.com,http://www.spontaneously.com,01/07/2011,30/06/2012
a31c11s003,Ordr.in,www.ordrx.com,http://www.ordrx.com,01/07/2011,30/06/2012
a31c11s004,WantWorthy,www.wantworthy.com,http://wantworthy.com,01/07/2011,30/06/2012
a31c11s005,piictu,www.piictu.com,http://www.piictu.com,01/07/2011,30/06/2012
a31c11s006,SideTour,www.sidetour.com,https://www.groupon.com,01/07/2011,30/06/2012
a31c11s008,Contently,www.contently.com,http://contently.com,01/07/2011,30/06/2012
a31c11s009,Urtak,www.urtak.com,http://urtak.com,01/07/2011,30/06/2012
a31c11s010,Coursekit,www.lore.com,http://www.lore.com,01/07/2011,30/06/2012
a31c11s011,Mobintent,,http://www.mobintent.com,01/07/2011,30/06/2012
a31c11s012,Ambassador,www.getambassador.com,http://getambassador.com,01/07/2011,30/06/2012
a31c122s001,Halo Automotive,www.halocar.us,https://www.halocar.us/,01/01/2018,01/01/2019
a31c122s002,Downstream,www.downstreamimpact.com,http://downstreamimpact.com/,01/01/2018,01/01/2019
a31c122s003,Educative,www.educative.io,https://www.educative.io/,01/01/2018,01/01/2019
a31c122s004,Rainway,www.rainway.com,https://rainway.com/,01/01/2018,01/01/2019
a31c122s005,Ganaz Technologies,www.ganaz.com,,01/01/2018,01/01/2019
a31c122s006,WeSolv,www.wesolv.com,https://www.wesolv.com,01/01/2018,01/01/2019
a31c122s007,LaunchBoard,,https://www.launchboard.io,01/01/2018,01/01/2019
a31c122s008,LegalPad,www.legalpad.io,https://www.legalpad.io/,01/01/2018,01/01/2019
a31c122s009,Locumunity,www.locumunity.com,http://www.locumunity.com,01/01/2018,01/01/2019
a31c122s010,Spocket,www.spocket.co,https://spocket.co/,01/01/2018,01/01/2019
a31c126s001,Krak,www.skatekrak.com,http://skatekrak.com/,01/02/2018,01/02/2019
a31c126s002,Dynepic,www.dynepic.com,http://www.dynepic.com/,01/02/2018,01/02/2019
a31c126s003,BubbleIQ,www.halp.com,https://www.halp.com/,01/02/2018,01/02/2019
a31c126s004,Walkthrough,www.getawalkthrough.com,http://getawalkthrough.com,01/02/2018,01/02/2019
a31c126s006,Geospiza,www.geospiza.us,https://geospiza.us,01/02/2018,01/02/2019
a31c126s007,Ordermark,www.ordermark.com,https://www.nextbite.io,01/02/2018,01/02/2019
a31c126s008,Goally,,https://getgoally.com,01/02/2018,01/02/2019
a31c126s009,Flex,www.sweatflex.com,https://www.sweatflex.com/,01/02/2018,01/02/2019
a31c126s010,AVVAY,www.avvay.com,http://www.avvay.com/,01/02/2018,01/02/2019
a31c12s001,Zipline,www.flyzipline.com,http://flyzipline.com/,01/08/2011,31/07/2012
a31c12s002,Bluebox Now,www.blueboxnow.com,http://www.blueboxnow.com,01/08/2011,31/07/2012
a31c12s003,LikeBright,www.revealchat.com,,01/08/2011,31/07/2012
a31c12s004,FlexMinder,www.flexminder.com,http://www.flexminder.com,01/08/2011,31/07/2012
a31c12s005,Remitly,www.remitly.com,http://www.remitly.com,01/08/2011,31/07/2012
a31c12s006,Outreach,www.outreach.io,https://www.outreach.io/,01/08/2011,31/07/2012
a31c12s007,EveryMove,www.everymove.org,http://everymove.org,01/08/2011,31/07/2012
a31c12s009,GoChime,www.gochime.com,http://www.gochime.com,01/08/2011,31/07/2012
a31c12s010,Vizify,www.vizify.com,http://vizify.com,01/08/2011,31/07/2012
a31c14s001,Libboo,,http://www.libboo.com,01/02/2012,31/01/2013
a31c14s002,Mortar Data,www.mortardata.com,http://www.mortardata.com,01/02/2012,31/01/2013
a31c14s003,Shopsy,www.shopsy.com,http://www.shopsy.com,01/02/2012,31/01/2013
a31c14s004,Testive,www.testive.com,http://www.testive.com,01/02/2012,31/01/2013
a31c14s005,Ubersense,www.ubersense.com,http://www.ubersense.com,01/02/2012,31/01/2013
a31c14s007,Murfie,www.murfie.com,http://www.murfie.com,01/02/2012,31/01/2013
a31c14s008,Doctrackr,,http://www.docTrackr.com,01/02/2012,31/01/2013
a31c14s009,Simply Good,www.simplygood.com,http://www.simplygood.com,01/02/2012,31/01/2013
a31c14s010,Zagster,www.zagster.com,http://www.zagster.com,01/02/2012,31/01/2013
a31c14s011,Laveem,,http://www.canarycal.com,01/02/2012,31/01/2013
a31c14s012,BISON,,https://www.bison.co/,01/02/2012,31/01/2013
a31c14s013,Psykosoft,www.psykosoft.net,http://www.psykosoft.net,01/02/2012,31/01/2013
a31c15s001,Rewind Me Inc,www.rewind.me,http://rewind.me,01/03/2012,01/03/2013
a31c15s002,Karma,,https://www.karmamobility.com,01/03/2012,01/03/2013
a31c15s003,Marquee,,http://marquee.by,01/03/2012,01/03/2013
a31c15s004,Moveline,www.moveline.com,http://www.moveline.com,01/03/2012,01/03/2013
a31c15s005,Condition ONE,www.conditionone.com,http://www.conditionone.com,01/03/2012,01/03/2013
a31c15s006,ClassPass,www.classpass.com,http://classpass.com/,01/03/2012,01/03/2013
a31c15s007,Poptip,www.poptip.com,http://poptip.com,01/03/2012,01/03/2013
a31c15s008,Pickie,www.pickie.com,http://www.pickie.com,01/03/2012,01/03/2013
a31c15s009,Wander,www.onwander.com,http://onwander.com,01/03/2012,01/03/2013
a31c15s011,Lua Technologies,www.getlua.com,http://getlua.com,01/03/2012,01/03/2013
a31c15s012,Bondsy,,http://bondsy.com,01/03/2012,01/03/2013
a31c15s013,Smallknot,www.smallknot.com,http://www.smallknot.com,01/03/2012,01/03/2013
a31c17s001,Birdbox,www.birdbox.com,http://www.birdbox.com,01/05/2012,01/05/2013
a31c17s002,DealAngel,www.dealangel.com,http://www.dealangel.com,01/05/2012,01/05/2013
a31c17s003,DigitalOcean,www.digitalocean.com,http://www.digitalocean.com,01/05/2012,01/05/2013
a31c17s004,Ubooly,www.ubooly.com,http://www.ubooly.com,01/05/2012,01/05/2013
a31c17s005,Roximity,www.roximity.com,http://roximity.com,01/05/2012,01/05/2013
a31c17s007,PivotDesk,www.pivotdesk.com,http://pivotdesk.com,01/05/2012,01/05/2013
a31c17s008,ReplySend,,,01/05/2012,01/05/2013
a31c17s009,Verbalize It,,https://www.smartling.com,01/05/2012,01/05/2013
a31c17s010,RollSale,www.rollsale.com,http://www.rollsale.com,01/05/2012,01/05/2013
a31c17s011,SalesLoft,www.salesloft.com,http://salesloft.com,01/05/2012,01/05/2013
a31c17s012,27Perry,,http://www.27perry.com,01/05/2012,01/05/2013
a31c18s001,Rise Robotics (prev. Urban Hero),www.riserobotics.com,http://www.riserobotics.com,01/08/2012,01/08/2013
a31c18s002,ImpuseSave,www.impulsesave.com,http://impulsesave.com,01/08/2012,01/08/2013
a31c18s003,CartCrunch (prev. Saverr),www.cartcrunch.com,http://www.cartcrunch.com,01/08/2012,01/08/2013
a31c18s004,Careport Health,www.careporthealth.com,http://www.careporthealth.com,01/08/2012,01/08/2013
a31c18s005,Ovuline,www.oviahealth.com,http://www.oviahealth.com,01/08/2012,01/08/2013
a31c18s006,NBD Nanotechnologies,www.nbdnano.com,http://nbdnano.com,01/08/2012,01/08/2013
a31c18s007,BookingMarkets,www.dashbell.com,http://dashbell.com,01/08/2012,01/08/2013
a31c18s008,CoachUp,www.coachup.com,http://www.coachup.com,01/08/2012,01/08/2013
a31c18s009,FetchNotes,www.fetchnotes.com,http://www.fetchnotes.com,01/08/2012,01/08/2013
a31c18s011,Wymsee,www.synconset.com,https://www.synconset.com/,01/08/2012,01/08/2013
a31c18s012,Fashion Project,,http://www.fashionproject.com,01/08/2012,01/08/2013
a31c18s013,Betterfit Technologies,www.betterfit.com,http://betterfit.com,01/08/2012,01/08/2013
a31c19s001,Apptentive,www.apptentive.com,http://www.apptentive.com,01/08/2012,01/08/2013
a31c19s002,MobileDevHQ,,http://www.mobiledevhq.com,01/08/2012,01/08/2013
a31c19s004,Maptia,www.maptia.com,http://maptia.com,01/08/2012,01/08/2013
a31c19s005,Sandglaz,www.sandglaz.com,https://blog.sandglaz.com/,01/08/2012,01/08/2013
a31c19s006,LeanPlum,www.leanplum.com,https://www.leanplum.com,01/08/2012,01/08/2013
a31c19s007,Tred,www.tred.com,https://www.tred.com/,01/08/2012,01/08/2013
a31c19s008,Bizible,www.bizible.com,http://bizible.com,01/08/2012,01/08/2013
a31c19s009,Glider,www.glider.com,http://glider.com,01/08/2012,01/08/2013
a31c22s001,Synack,www.synack.com,http://www.synack.com,01/02/2013,01/02/2014
a31c22s002,PillPack,www.pillpack.com,http://www.pillpack.com,01/02/2013,01/02/2014
a31c22s003,Freight Farms,www.freightfarms.com,http://www.freightfarms.com/,01/02/2013,01/02/2014
a31c22s004,Continuum Fashion,www.continuumfashion.com,http://www.continuumfashion.com,01/02/2013,01/02/2014
a31c22s005,CheckIO,www.checkio.org,http://www.checkio.org,01/02/2013,01/02/2014
a31c22s006,Rallyware,www.rallyware.com,http://rallyware.com,01/02/2013,01/02/2014
a31c22s007,Fancred,www.fancred.com,http://fancred.com,01/02/2013,01/02/2014
a31c22s008,Nuerala,www.neurala.com,http://www.neurala.com,01/02/2013,01/02/2014
a31c22s009,coUrbanize,www.courbanize.com,http://www.courbanize.com,01/02/2013,01/02/2014
a31c22s010,Codeship,www.codeship.com,https://codeship.com,01/02/2013,01/02/2014
a31c22s011,Jebbit,www.jebbit.com,http://www.jebbit.com,01/02/2013,01/02/2014
a31c22s012,LinkCycle,www.linkcycle.com,http://www.linkcycle.com,01/02/2013,01/02/2014
a31c22s013,Outline,,,01/02/2013,01/02/2014
a31c22s014,Qunb,,http://www.qunb.com,01/02/2013,01/02/2014
a31c25s002,Weespring,www.weespring.com,http://www.weespring.com,01/03/2013,01/03/2014
a31c25s003,SketchFab,www.sketchfab.com,http://sketchfab.com,01/03/2013,01/03/2014
a31c25s004,AdYapper,www.adyapper.com,http://www.adyapper.com,01/03/2013,01/03/2014
a31c25s005,Plated,www.plated.com,https://www.plated.com/,01/03/2013,01/03/2014
a31c25s006,Klooff,www.klooff.com,http://www.klooff.com,01/03/2013,01/03/2014
a31c25s007,Dash Labs,www.dash.by,https://dash.by/,01/03/2013,01/03/2014
a31c25s008,Jukely,www.jukely.com,http://jukely.com,01/03/2013,01/03/2014
a31c25s009,Placemeter,www.placemeter.com,http://www.placemeter.com,01/03/2013,01/03/2014
a31c25s010,TriggerMail,www.bluecore.com,https://www.bluecore.com/,01/03/2013,01/03/2014
a31c25s011,FaithStreet,www.faithstreet.com,http://www.faithstreet.com,01/03/2013,01/03/2014
a31c26s001,SimpleRelevance,,http://www.SimpleRelevance.com,01/05/2013,01/05/2014
a31c26s002,TradingView,www.tradingview.com,http://www.tradingview.com,01/05/2013,01/05/2014
a31c26s003,Captureproof,www.captureproof.com,http://www.captureproof.com,01/05/2013,01/05/2014
a31c26s004,Project Fixup,www.projectfixup.com,http://www.projectfixup.com,01/05/2013,01/05/2014
a31c26s005,Nexercise,www.sworkit.com,http://www.sworkit.com,01/05/2013,01/05/2014
a31c26s006,SocialCrunch,,http://socialcrunch.com,01/05/2013,01/05/2014
a31c26s007,Pathful,www.pathful.com,http://www.pathful.com,01/05/2013,01/05/2014
a31c26s008,Sqord,www.sqord.com,http://www.sqord.com,01/05/2013,01/05/2014
a31c26s009,WebCurfew,www.webcurfew.com,http://www.webcurfew.com,01/05/2013,01/05/2014
a31c27s001,Augur,www.augur.io,http://augur.io,01/05/2013,01/05/2014
a31c27s002,Kato,www.kato.im,http://kato.im,01/05/2013,01/05/2014
a31c27s004,Shopventory,www.shopventory.com,http://www.shopventory.com,01/05/2013,01/05/2014
a31c27s005,SnowShoe,,https://snowshoe.io,01/05/2013,01/05/2014
a31c27s006,Prediculous,,http://www.prediculous.com,01/05/2013,01/05/2014
a31c27s007,Hull,www.hull.io,http://hull.io,01/05/2013,01/05/2014
a31c27s008,GoodApril,www.goodapril.com,http://goodapril.com/,01/05/2013,01/05/2014
a31c27s009,Given Goods Company,,http://givengoods.co,01/05/2013,01/05/2014
a31c27s010,Brandfolder,www.brandfolder.com,http://www.brandfolder.com,01/05/2013,01/05/2014
a31c27s011,AdsNative,,http://getpolymorph.com,01/05/2013,01/05/2014
a31c30s001,The Vetted Net,,http://thevetted.com,01/08/2013,01/08/2014
a31c30s002,Inside Social,www.insidesocial.com,http://www.insidesocial.com,01/08/2013,01/08/2014
a31c30s003,Cuecard,www.cuecardapp.com,http://www.cuecardapp.com,01/08/2013,01/08/2014
a31c30s004,Sparktrend,www.yousitter.com,http://yousitter.com,01/08/2013,01/08/2014
a31c30s005,Wire,,http://wire.im,01/08/2013,01/08/2014
a31c30s006,Codementor,www.codementor.io,https://www.codementor.io,01/08/2013,01/08/2014
a31c30s007,Designlab,,http://trydesignlab.com,01/08/2013,01/08/2014
a31c30s008,Shippable,www.shippable.com,https://www.shippable.com/,01/08/2013,01/08/2014
a31c30s009,Perfect,www.repmeback.com,http://repmeback.com,01/08/2013,01/08/2014
a31c30s010,Everpath,www.skilljar.com,https://www.skilljar.com,01/08/2013,01/08/2014
a31c30s011,ResolutionTube,www.resolutiontube.com,http://www.resolutiontube.com,01/08/2013,01/08/2014
a31c31s001,Gone!,www.thegoneapp.com,http://www.thegoneapp.com,01/08/2013,01/08/2014
a31c31s002,Ube,www.plumlife.com,http://www.plumlife.com/,01/08/2013,01/08/2014
a31c31s003,Atlas,www.atlaswearables.com,http://www.atlaswearables.com,01/08/2013,01/08/2014
a31c31s004,Fosbury,www.fosbury.co,http://www.fosbury.co,01/08/2013,01/08/2014
a31c31s005,Embrace,,,01/08/2013,01/08/2014
a31c31s006,MarketVibe,www.marketvibe.com,http://marketvibe.com,01/08/2013,01/08/2014
a31c31s007,Testlio,www.testlio.com,http://testlio.com,01/08/2013,01/08/2014
a31c31s008,ProtoExchange,www.protoexchange.com,http://www.protoexchange.com,01/08/2013,01/08/2014
a31c31s009,Accountable,www.accountablehq.com,http://www.accountablehq.com,01/08/2013,01/08/2014
a31c31s010,Filament Labs,www.patientio.com,https://patientio.com/,01/08/2013,01/08/2014
a31c32s001,Hermes IQ,www.hermesiq.com,http://www.hermesiq.com,01/01/2014,01/01/2015
a31c32s003,Narvii,,http://www.narvii.com,01/01/2014,01/01/2015
a31c32s004,Cangrade,www.cangrade.com,http://www.cangrade.com,01/01/2014,01/01/2015
a31c32s005,Onion,,https://onion.io,01/01/2014,01/01/2015
a31c32s006,Change Collective,www.tenpercent.com,http://www.tenpercent.com/,01/01/2014,01/01/2015
a31c32s008,Sundar,www.sundar.io,http://sundar.io/,01/01/2014,01/01/2015
a31c32s009,Litographs,www.litographs.com,http://www.litographs.com,01/01/2014,01/01/2015
a31c32s010,ecoVent,www.ecoventsystems.com,https://www.ecoventsystems.com,01/01/2014,01/01/2015
a31c32s011,Mapkin,www.mapkin.co,http://mapkin.co,01/01/2014,01/01/2015
a31c32s012,WorkMob,www.theworkmob.com,http://theworkmob.com,01/01/2014,01/01/2015
a31c35s001,Pathgather,www.pathgather.com,http://pathgather.com,01/03/2014,01/03/2015
a31c35s002,Concert Window,www.concertwindow.com,http://www.concertwindow.com,01/03/2014,01/03/2015
a31c35s004,Hollerback,www.hollerback.co,http://www.hollerback.co,01/03/2014,01/03/2015
a31c35s005,Tutum,www.tutum.co,http://www.tutum.co,01/03/2014,01/03/2015
a31c35s007,Hullabalu,www.hullabalu.com,http://hullabalu.com,01/03/2014,01/03/2015
a31c35s008,MakersKit,www.makerskit.com,http://makerskit.com/,01/03/2014,01/03/2015
a31c35s009,Standard Analytics,,https://science.ai,01/03/2014,01/03/2015
a31c35s010,SocialSign.in,,http://socialsign.in,01/03/2014,01/03/2015
a31c35s012,Infinit,,https://infinit.sh/,01/03/2014,01/03/2015
a31c35s013,Rival Theory,,http://rivaltheory.com/,01/03/2014,01/03/2015
a31c36s002,Medicast,www.medicast.com,https://medicast.com,01/03/2014,01/03/2015
a31c36s003,Prime,www.useprime.com,http://useprime.com,01/03/2014,01/03/2015
a31c36s004,Akibah,www.akibah.com,http://akibah.com/,01/03/2014,01/03/2015
a31c36s005,Lifeline Response,,https://kineticglobal.com,01/03/2014,01/03/2015
a31c36s006,Symptom.ly,,http://www.symptom.ly,01/03/2014,01/03/2015
a31c36s008,SickWeather,www.sickweather.com,http://sickweather.com,01/03/2014,01/03/2015
a31c36s009,Fitbark,www.fitbark.com,https://www.fitbark.com,01/03/2014,01/03/2015
a31c37s001,MartMobi Technologies,www.martmobi.com,http://martmobi.com,01/05/2014,01/05/2015
a31c37s002,WeDeliver,www.wedeliver.us,http://wedeliver.us,01/05/2014,01/05/2015
a31c37s003,GameWisp,www.gamewisp.com,https://gamewisp.com,01/05/2014,01/05/2015
a31c37s004,inRentive,,http://inRentive.com,01/05/2014,01/05/2015
a31c37s005,NexLP,www.nexlp.com,http://www.nexlp.com/,01/05/2014,01/05/2015
a31c37s006,Data Everywhere,www.dataeverywhere.com,https://www.dataeverywhere.com/,01/05/2014,01/05/2015
a31c37s007,Telnyx,www.telnyx.com,https://telnyx.com/,01/05/2014,01/05/2015
a31c37s008,Tangiblee,www.tangiblee.com,http://tangiblee.com,01/05/2014,01/05/2015
a31c37s009,Package Zen,,http://packagezen.com/,01/05/2014,01/05/2015
a31c37s010,Clutch Prep,www.clutchprep.com,https://www.clutchprep.com/,01/05/2014,01/05/2015
a31c38s001,Smart Host,www.smarthost.me,http://www.smarthost.me,01/06/2014,01/06/2015
a31c38s002,Brewbot,www.brewbot.io,http://www.brewbot.io/,01/06/2014,01/06/2015
a31c38s003,Fashion Metric,www.boldmetrics.com,http://www.boldmetrics.com,01/06/2014,01/06/2015
a31c38s004,Common Form,www.common-form.com,http://common-form.com,01/06/2014,01/06/2015
a31c38s005,LawnStarter,www.lawnstarter.com,http://lawnstarter.com,01/06/2014,01/06/2015
a31c38s007,NMRKT,www.nmrkt.com,http://nmrkt.com,01/06/2014,01/06/2015
a31c38s008,Cloud 66,www.cloud66.com,http://www.cloud66.com,01/06/2014,01/06/2015
a31c38s009,FreeTextbooks,www.freetextbooks.com,http://freetextbooks.com,01/06/2014,01/06/2015
a31c38s010,Experiment Engine,www.experimentengine.com,http://www.experimentengine.com,01/06/2014,01/06/2015
a31c38s011,Burpy,www.burpy.com,http://www.burpy.com,01/06/2014,01/06/2015
a31c41s001,Lassy Project,,http://www.lassyproject.com/,01/07/2014,01/07/2015
a31c41s002,ExpenseBot,www.expensebot.com,https://expensebot.com,01/07/2014,01/07/2015
a31c41s003,All4Staff,www.workbright.com,http://workbright.com,01/07/2014,01/07/2015
a31c41s004,Wunder,,https://www.WunderCapital.com,01/07/2014,01/07/2015
a31c41s006,Shareable Social,www.shareablesocial.com,http://www.shareablesocial.com/,01/07/2014,01/07/2015
a31c41s007,Final,www.getfinal.com,http://www.getfinal.com,01/07/2014,01/07/2015
a31c41s008,Kapta,www.kapta.com,http://www.kapta.com,01/07/2014,01/07/2015
a31c41s009,Notion,www.getnotion.com,http://getnotion.com,01/07/2014,01/07/2015
a31c41s010,Sportsy,www.sportsy.com,https://www.sportsy.com,01/07/2014,01/07/2015
a31c41s012,Bawte,,http://www.bawte.com,01/07/2014,01/07/2015
a31c41s013,Wellhire,,http://www.Wellhire.com,01/07/2014,01/07/2015
a31c43s002,Hello Block,www.helloblock.io,https://helloblock.io/,01/08/2014,01/08/2015
a31c43s003,Headtalk,,http://www.headtalk.io,01/08/2014,01/08/2015
a31c43s004,Fairwaves,www.fairwaves.co,http://fairwaves.co,01/08/2014,01/08/2015
a31c43s005,Streamroot,www.streamroot.io,http://www.streamroot.io,01/08/2014,01/08/2015
a31c43s006,EdTrips,www.bookity.com,http://www.bookity.com/,01/08/2014,01/08/2015
a31c43s007,Indico,,http://indicodata.ai,01/08/2014,01/08/2015
a31c43s008,codeanywhere,www.codeanywhere.com,https://codeanywhere.com,01/08/2014,01/08/2015
a31c43s009,ROCKI,www.myrocki.com,http://www.myrocki.com,01/08/2014,01/08/2015
a31c43s010,CoolChip Technologies,www.coolchiptechnologies.com,http://www.coolchiptechnologies.com,01/08/2014,01/08/2015
a31c43s011,Fortified Bicycle,www.fortifiedbike.com,http://fortifiedbike.com,01/08/2014,01/08/2015
a31c43s012,Spitfire Athlete,www.spitfireathlete.com,http://www.spitfireathlete.com,01/08/2014,01/08/2015
a31c44s001,StreamLine,www.locate.ai,,01/08/2014,01/08/2015
a31c44s003,Magicflix,www.magicflix.com,http://www.magicflix.com,01/08/2014,01/08/2015
a31c44s004,True Facet,,http://www.TrueFacet.com,01/08/2014,01/08/2015
a31c44s005,Crowsnest,www.crowsnest.io,http://crowsnest.io,01/08/2014,01/08/2015
a31c44s006,MightySignal,www.mightysignal.com,http://mightysignal.com/,01/08/2014,01/08/2015
a31c44s007,LiveStories,,https://www.livestories.com,01/08/2014,01/08/2015
a31c44s008,TouchBase,www.touchbaseinc.com,https://www.touchbaseinc.com/,01/08/2014,01/08/2015
a31c44s009,Garmentory,www.garmentory.com,http://www.garmentory.com,01/08/2014,01/08/2015
a31c47s001,Spoon University,www.spoonuniversity.com,http://spoonuniversity.com,01/01/2015,01/01/2016
a31c47s002,Stream,www.getstream.io,https://getstream.io/,01/01/2015,01/01/2016
a31c47s003,Pilot,www.pilotfiber.com,http://pilotfiber.com,01/01/2015,01/01/2016
a31c47s004,IrisVR,www.irisvr.com,https://irisvr.com/,01/01/2015,01/01/2016
a31c47s005,Keymetrics,,https://pm2.io,01/01/2015,01/01/2016
a31c47s006,UniqueSound,www.uniquesound.com,http://www.uniquesound.com,01/01/2015,01/01/2016
a31c47s007,BentoBox,www.getbento.com,http://getbento.com/,01/01/2015,01/01/2016
a31c47s008,Localize,www.localizejs.com,https://localizejs.com,01/01/2015,01/01/2016
a31c47s009,Stefan's Head,www.stefanshead.com,http://www.stefanshead.com/,01/01/2015,01/01/2016
a31c47s010,LSQ,,,01/01/2015,01/01/2016
a31c47s011,Cartesian Co,www.cartesianco.com,http://cartesianco.com,01/01/2015,01/01/2016
a31c47s012,Data Camp,www.datacamp.com,http://www.datacamp.com,01/01/2015,01/01/2016
a31c49s001,StopLight,www.stoplight.io,https://stoplight.io,01/03/2015,29/02/2016
a31c49s002,One Model,www.onemodel.co,http://www.onemodel.co,01/03/2015,29/02/2016
a31c49s003,Self Lender,www.self.inc,https://www.self.inc,01/03/2015,29/02/2016
a31c49s004,Hunting Locator,,http://greatout.com/,01/03/2015,29/02/2016
a31c49s005,Wonders,,http://wndrs.com,01/03/2015,29/02/2016
a31c49s006,FantasyHub,www.fantasyhub.com,http://fantasyhub.com,01/03/2015,29/02/2016
a31c49s007,MetricStory,,http://www.metricstory.com,01/03/2015,29/02/2016
a31c49s008,StyleSage,www.stylesage.co,http://www.stylesage.co/,01/03/2015,29/02/2016
a31c49s009,Pushmote,www.pushmote.com,https://pushmote.com,01/03/2015,29/02/2016
a31c49s010,Red Fox Clan,,http://www.redfoxclan.com,01/03/2015,29/02/2016
a31c51s001,iDoc24,,https://www.firstderm.com,01/03/2015,29/02/2016
a31c51s002,Triomi,www.triomi.com,http://www.triomi.com/,01/03/2015,29/02/2016
a31c51s003,Hidrate,www.hidratespark.com,https://hidratespark.com/,01/03/2015,29/02/2016
a31c51s004,Health ID,www.healthid.com,http://www.healthid.com,01/03/2015,29/02/2016
a31c51s005,Jolt,www.joltsensor.com,http://www.joltsensor.com,01/03/2015,29/02/2016
a31c51s006,Melon Health,www.melonhealth.com,https://www.melonhealth.com/,01/03/2015,29/02/2016
a31c51s007,Ovatemp,www.ovatemp.com,http://ovatemp.com,01/03/2015,29/02/2016
a31c51s008,Oxie,www.oxie.co,http://oxie.co/,01/03/2015,29/02/2016
a31c51s009,Rex,www.rexanimalhealth.com,http://www.rexanimalhealth.com/,01/03/2015,29/02/2016
a31c51s010,Vertisense,,http://www.vertisense.com,01/03/2015,29/02/2016
a31c53s001,Shearwater,www.mentorcollective.org,http://www.mentorcollective.org,01/06/2015,31/05/2016
a31c53s002,doDOC,www.dodoc.com,https://dodoc.com,01/06/2015,31/05/2016
a31c53s003,ThriveHive,www.thrivehive.com,http://thrivehive.com,01/06/2015,31/05/2016
a31c53s004,Provender,www.provender.com,https://www.provender.com/,01/06/2015,31/05/2016
a31c53s005,SmackHigh,www.fam.live,http://www.fam.live,01/06/2015,31/05/2016
a31c53s006,Cuseum,www.cuseum.com,http://www.cuseum.com/,01/06/2015,31/05/2016
a31c53s007,Netra,www.netra.io,http://www.netra.io,01/06/2015,31/05/2016
a31c53s008,AdmitHub,,https://www.mainstay.com,01/06/2015,31/05/2016
a31c53s009,Hot,www.hot.es,http://hot.es/,01/06/2015,31/05/2016
a31c53s010,GVMachines,,http://www.gvmachines.com/,01/06/2015,31/05/2016
a31c53s012,LovePop,,http://lovepopcards.com/,01/06/2015,31/05/2016
a31c56s001,Stryd,www.stryd.com,https://www.stryd.com/,01/06/2015,31/05/2016
a31c56s002,Blazing DB,,https://blazingsql.com,01/06/2015,31/05/2016
a31c56s003,Edify,,https://app.musiquest.com,01/06/2015,31/05/2016
a31c56s004,adHawk,www.broadlume.com,,01/06/2015,31/05/2016
a31c56s005,flytedesk,www.flytedesk.com,http://www.flytedesk.com,01/06/2015,31/05/2016
a31c56s006,Revolar,,https://revolar.com,01/06/2015,31/05/2016
a31c56s007,MadKudu,www.madkudu.com,http://www.madkudu.com,01/06/2015,31/05/2016
a31c56s008,TRELORA,www.trelora.com,https://www.trelora.com,01/06/2015,31/05/2016
a31c56s009,hobbyDB,www.hobbydb.com,https://www.hobbydb.com,01/06/2015,31/05/2016
a31c57s001,Giftbit,www.giftbit.com,https://www.giftbit.com,01/07/2015,30/06/2016
a31c57s002,Lightboard,,https://lightboard.io,01/07/2015,30/06/2016
a31c57s003,Candy Jar,www.candyjar.com,http://www.candyjar.com/,01/07/2015,30/06/2016
a31c57s004,Matcherino,www.matcherino.com,http://matcherino.com/,01/07/2015,30/06/2016
a31c57s005,Mentio Technologies,www.mentio.ca,http://www.mentio.ca,01/07/2015,30/06/2016
a31c57s006,DataBlade,www.datablade.io,http://datablade.io/,01/07/2015,30/06/2016
a31c57s007,Innervate,www.gamesight.io,http://www.gamesight.io/,01/07/2015,30/06/2016
a31c57s008,Fish Bowl VR,www.fishbowlvr.com,https://www.fishbowlvr.com/,01/07/2015,30/06/2016
a31c57s009,Brand.ai,,https://brand.ai/#/,01/07/2015,30/06/2016
a31c57s011,AtCipher,www.atcipher.com,https://atcipher.com,01/07/2015,30/06/2016
a31c60s001,Growth Geeks,www.growthgeeks.com,http://www.growthgeeks.com/,01/07/2015,30/06/2016
a31c60s002,Glidera,www.glidera.io,,01/07/2015,30/06/2016
a31c60s003,Tribe,www.tribe.do,http://tribe.do/,01/07/2015,30/06/2016
a31c60s004,Urban Leash,www.urbanleash.com,http://www.urbanleash.com/,01/07/2015,30/06/2016
a31c60s005,Akouba Credit,www.akoubacredit.com,https://akoubacredit.com/,01/07/2015,30/06/2016
a31c60s006,Hooks,www.gethooksapp.com,http://gethooksapp.com/,01/07/2015,30/06/2016
a31c60s007,Infiniscene,www.golightstream.com,https://www.golightstream.com/,01/07/2015,30/06/2016
a31c60s008,Betaout,www.betaout.com,http://www.betaout.com,01/07/2015,30/06/2016
a31c60s009,Routific,www.routific.com,https://routific.com/,01/07/2015,30/06/2016
a31c60s010,Specless,www.gospecless.com,http://gospecless.com/,01/07/2015,30/06/2016
a31c62s001,Morsel,,http://morselclub.com,01/09/2015,31/08/2016
a31c62s002,Gloss Genius,www.glossgenius.com,https://www.glossgenius.com/,01/09/2015,31/08/2016
a31c62s004,Impact Health,,https://Joany.com,01/09/2015,31/08/2016
a31c62s005,MAX,www.max.ng,https://max.ng/,01/09/2015,31/08/2016
a31c62s006,Gorgias,www.gorgias.com,https://www.gorgias.com/,01/09/2015,31/08/2016
a31c62s007,Mona,www.monahq.com,http://www.monahq.com,01/09/2015,31/08/2016
a31c62s008,SPIDR Tech,www.spidrtech.com,http://www.spidrtech.com,01/09/2015,31/08/2016
a31c62s009,GreatHorn,www.greathorn.com,http://www.greathorn.com,01/09/2015,31/08/2016
a31c62s010,LiveLike,,http://www.livelikevr.com,01/09/2015,31/08/2016
a31c62s011,Slash,www.tapslash.com,http://tapslash.com,01/09/2015,31/08/2016
a31c62s012,Sailo,www.sailo.com,https://www.sailo.com,01/09/2015,31/08/2016
a31c62s013,Flip,,https://caretaker.com/,01/09/2015,31/08/2016
a31c62s014,Jewelbots,www.jewelbots.com,http://www.jewelbots.com/,01/09/2015,31/08/2016
a31c66s001,Kepler Communications,,http://www.keplercommunications.com/,01/02/2016,31/01/2017
a31c66s003,Keepe,www.keepe.com,http://www.keepe.com,01/02/2016,31/01/2017
a31c66s004,Shyft,www.myshyft.com,,01/02/2016,31/01/2017
a31c66s005,Polly.ai,www.polly.ai,https://www.polly.ai,01/02/2016,31/01/2017
a31c66s006,DroneSeed,,http://www.droneseed.com,01/02/2016,31/01/2017
a31c66s007,Fig Loans,www.figloans.com,https://www.figloans.com/,01/02/2016,31/01/2017
a31c66s008,Reflect,www.reflect.io,https://reflect.io/,01/02/2016,31/01/2017
a31c66s009,Beam,www.mixer.com,https://mixer.com,01/02/2016,31/01/2017
a31c67s001,PenPal Schools,www.penpalschools.com,https://www.penpalschools.com/,01/02/2016,31/01/2017
a31c67s002,CarServ,www.carserv.com,http://www.carserv.com,01/02/2016,31/01/2017
a31c67s003,Bamba,www.bambagroup.com,http://bambagroup.com,01/02/2016,31/01/2017
a31c67s004,Casabots,www.chowbotics.com,http://www.chowbotics.com,01/02/2016,31/01/2017
a31c67s005,The Helper Bees,,https://www.thehelperbees.com,01/02/2016,31/01/2017
a31c67s006,Kandidly,www.candidly.com,http://candidly.com/,01/02/2016,31/01/2017
a31c67s008,Popup Play,,http://www.popuptech.io,01/02/2016,31/01/2017
a31c67s009,Remidi,www.remidi-pro.com,http://remidi-pro.com/,01/02/2016,31/01/2017
a31c67s010,AUTHORS.me,,https://www.authors.me,01/02/2016,31/01/2017
a31c68s001,Spoken,,http://www.getspokenapp.com/,01/02/2016,31/01/2017
a31c68s002,section.io,www.section.io,https://www.section.io/,01/02/2016,31/01/2017
a31c68s003,Sigmend,,https://www.sigmend.com,01/02/2016,31/01/2017
a31c68s004,AncestorCloud,,https://ancestorcloud.com,01/02/2016,31/01/2017
a31c68s005,Maxwell Financial,www.himaxwell.com,http://www.himaxwell.com,01/02/2016,31/01/2017
a31c68s006,bridge21,www.bridge21.com,https://bridge21.com/,01/02/2016,31/01/2017
a31c68s007,edn,www.edntech.com,https://www.edntech.com,01/02/2016,31/01/2017
a31c68s008,init.ai,www.init.ai,http://www.init.ai,01/02/2016,31/01/2017
a31c68s009,Converge,,http://www.convergeindustries.com,01/02/2016,31/01/2017
a31c68s010,MeetMindful,www.meetmindful.com,http://www.meetmindful.com/,01/02/2016,31/01/2017
a31c68s011,Orderly Health,www.orderlyhealth.com,http://www.orderlyhealth.com,01/02/2016,31/01/2017
a31c69s001,Polis,www.knoq.com,,01/02/2016,31/01/2017
a31c69s002,Tapglue,www.tapglue.com,https://www.tapglue.com/,01/02/2016,31/01/2017
a31c69s003,Heddoko,www.heddoko.com,http://www.heddoko.com/,01/02/2016,31/01/2017
a31c69s004,Spoiler Alert,www.spoileralert.com,https://www.spoileralert.com/,01/02/2016,31/01/2017
a31c69s005,Navut,,http://www.navut.com,01/02/2016,31/01/2017
a31c69s006,Daily Pnut,www.dailypnut.com,http://dailypnut.com/,01/02/2016,31/01/2017
a31c69s007,Danger!Awesome,www.dangerawesome.com,https://www.dangerawesome.com,01/02/2016,31/01/2017
a31c69s008,Taylor & Hart,www.taylorandhart.com,https://www.taylorandhart.com,01/02/2016,31/01/2017
a31c69s009,Rocketbook,www.getrocketbook.com,https://getrocketbook.com/,01/02/2016,31/01/2017
a31c69s010,AirFox,www.airfox.com,https://airfox.com/,01/02/2016,31/01/2017
a31c69s011,Strobe,www.strobelabs.com,,01/02/2016,31/01/2017
a31c69s012,Seed&Spark,www.seedandspark.com,http://www.seedandspark.com,01/02/2016,31/01/2017
a31c69s013,Grapevine,www.grapevinelogic.com,https://www.grapevinevillage.com,01/02/2016,31/01/2017
a31c69s014,Yaypay,www.yaypay.com,http://www.yaypay.com,01/02/2016,31/01/2017
a31c71s001,SocialCapital,www.socialcapital.io,http://socialcapital.io,01/03/2016,01/03/2017
a31c71s002,Nozzle,www.nozzle.io,http://nozzle.io,01/03/2016,01/03/2017
a31c71s003,Stride.ai,www.stride.ai,http://www.stride.ai/,01/03/2016,01/03/2017
a31c71s004,Karmies,www.karmies.com,http://www.karmies.com/,01/03/2016,01/03/2017
a31c71s005,Super Dispatch,,https://superdispatch.com,01/03/2016,01/03/2017
a31c71s007,Leka,www.leka.io,http://leka.io,01/03/2016,01/03/2017
a31c71s008,ResponsiveAds,,http://responsiveads.com,01/03/2016,01/03/2017
a31c71s009,Mycroft,www.mycroft.ai,http://mycroft.ai,01/03/2016,01/03/2017
a31c71s010,SpaceView,www.space.vu,http://space.vu/,01/03/2016,01/03/2017
a31c77s001,Skopenow,www.skopenow.com,http://skopenow.com,01/06/2016,01/06/2017
a31c77s002,Patch Homes,www.noah.co,https://www.noah.co,01/06/2016,01/06/2017
a31c77s003,Electronic Gaming Federation,,https://www.egf.gg,01/06/2016,01/06/2017
a31c77s004,Forestry.io,www.forestry.io,https://forestry.io/,01/06/2016,01/06/2017
a31c77s005,IOpipe,www.iopipe.com,https://www.iopipe.com/,01/06/2016,01/06/2017
a31c77s006,Pollen,www.gopollen.com,http://www.gopollen.com,01/06/2016,01/06/2017
a31c77s007,OnFrontiers,www.onfrontiers.com,http://www.onfrontiers.com,01/06/2016,01/06/2017
a31c77s008,Grubbly Farms,www.grubblyfarms.com,http://www.grubblyfarms.com,01/06/2016,01/06/2017
a31c77s009,Skywatch,www.skywatch.com,https://skywatch.com,01/06/2016,01/06/2017
a31c77s011,ProcessOut,www.processout.com,https://www.processout.com/,01/06/2016,01/06/2017
a31c77s012,Healthie,www.gethealthie.com,https://gethealthie.com/,01/06/2016,01/06/2017
a31c77s013,Purple,www.getpurple.io,http://getpurple.io/,01/06/2016,01/06/2017
a31c77s014,Leblum,www.leblum.com,https://leblum.com/,01/06/2016,01/06/2017
a31c77s015,Mindmate,,http://www.citruslabs.com,01/06/2016,01/06/2017
a31c78s001,Jio,www.jiobit.com,https://www.jiobit.com,01/06/2016,01/06/2017
a31c78s002,Stationfy,www.arena.im,,01/06/2016,01/06/2017
a31c78s003,Fitbot,www.truecoach.co,https://truecoach.co,01/06/2016,01/06/2017
a31c78s004,Bright,www.bright.io,https://www.bright.io,01/06/2016,01/06/2017
a31c78s005,Brightwork,www.brightwork.io,http://www.brightwork.io/,01/06/2016,01/06/2017
a31c78s006,LogicGate,www.logicgate.com,https://www.logicgate.com,01/06/2016,01/06/2017
a31c78s008,PartySlate,www.partyslate.com,http://www.partyslate.com,01/06/2016,01/06/2017
a31c78s009,Eat Pak'd,www.getwiseapple.com,https://www.getwiseapple.com,01/06/2016,01/06/2017
a31c78s010,ConvertFlow,www.convertflow.com,http://convertflow.com/,01/06/2016,01/06/2017
a31c82s001,UCIC,www.ucic.vc,http://ucic.vc/,01/08/2016,01/08/2017
a31c82s002,Real Meal Delivery,,http://www.realmealdelivery.com,01/08/2016,01/08/2017
a31c82s003,Fitspot,,https://www.fitspotwellness.com/,01/08/2016,01/08/2017
a31c82s004,Sequr,,https://www.getgenea.com/products/access-control/,01/08/2016,01/08/2017
a31c82s005,Splitty,,https://www.holitso.com,01/08/2016,01/08/2017
a31c82s006,Bark,www.bark.us,https://www.bark.us/,01/08/2016,01/08/2017
a31c82s007,Joonko,www.joonko.co,http://www.joonko.co,01/08/2016,01/08/2017
a31c82s008,LaaSer,www.laaser911.com,http://www.laaser911.com,01/08/2016,01/08/2017
a31c82s009,Preesale,www.preesale.com,https://preesale.com,01/08/2016,01/08/2017
a31c82s010,Drizzle,,https://getdrizzle.com,01/08/2016,01/08/2017
a31c86s003,Solstice,www.solstice.us,http://solstice.us,01/01/2017,01/01/2018
a31c86s004,Voatz,,https://voatz.com,01/01/2017,01/01/2018
a31c86s005,Sea Machines Robotics,www.sea-machines.com,http://www.sea-machines.com,01/01/2017,01/01/2018
a31c86s006,Evolve,www.evolveapp.com,http://evolveapp.com,01/01/2017,01/01/2018
a31c86s007,Alice's Table,www.alicestable.com,http://www.alicestable.com,01/01/2017,01/01/2018
a31c86s008,Nix,www.nixbiosensors.com,https://www.nixbiosensors.com,01/01/2017,01/01/2018
a31c86s009,Tive,www.tive.com,https://tive.com,01/01/2017,01/01/2018
a31c86s010,Lorem Technologies,,https://asklorem.com,01/01/2017,01/01/2018
a31c86s011,OffGridBox,www.offgridbox.com,https://www.offgridbox.com,01/01/2017,01/01/2018
a31c86s012,Brizi,www.brizicam.com,http://www.brizicam.com/,01/01/2017,01/01/2018
a31c86s013,RateGravity,www.ownup.com,https://www.ownup.com/,01/01/2017,01/01/2018
a31c88s001,VendorHawk,,https://www.vendorhawk.io/,01/01/2017,01/01/2018
a31c88s002,Coastline Market,www.freshline.io,,01/01/2017,01/01/2018
a31c88s003,Valid8,,https://www.valid8.cash/,01/01/2017,01/01/2018
a31c88s004,Stackery,www.stackery.io,https://www.stackery.io,01/01/2017,01/01/2018
a31c88s005,Swym Corporation,www.swym.it,http://swym.it,01/01/2017,01/01/2018
a31c88s006,CuePath Innovation,,https://cuepath.com/,01/01/2017,01/01/2018
a31c88s007,LevelTen Energy,www.leveltenenergy.com,http://leveltenenergy.com,01/01/2017,01/01/2018
a31c88s008,Hazel,www.hazelhq.com,https://hazelhq.com/,01/01/2017,01/01/2018
a31c88s009,Silene Biotech,www.silenebiotech.com,https://silenebiotech.com/,01/01/2017,01/01/2018
a31c90s001,Sitter,,https://sitter.app,01/01/2017,01/01/2018
a31c90s002,Stateless,www.stateless.net,http://www.stateless.net,01/01/2017,01/01/2018
a31c90s003,Attentive,www.attentive.us,https://attentive.us/,01/01/2017,01/01/2018
a31c90s004,Rodin,www.rodin.io,https://www.rodin.io,01/01/2017,01/01/2018
a31c90s005,Hardbound,www.hardbound.co,https://www.hardbound.co/,01/01/2017,01/01/2018
a31c90s006,Prefix,www.prefixinc.com,https://prefixinc.com/,01/01/2017,01/01/2018
a31c90s007,Monday,www.getro.com,,01/01/2017,01/01/2018
a31c90s008,Data Nerds,,http://datanerds.com,01/01/2017,01/01/2018
a31c90s009,Apostrophe,www.apostrophe.health,https://apostrophe.health,01/01/2017,01/01/2018
a31c90s010,Blank Slate Systems,www.blankslatesystems.com,http://www.blankslatesystems.com,01/01/2017,01/01/2018
a31c90s011,IronCore Labs,www.ironcorelabs.com,https://ironcorelabs.com,01/01/2017,01/01/2018
a31c90s012,CANDL,www.candl.com,,01/01/2017,01/01/2018
a31c90s013,Global EIR,www.globaleir.org,http://www.globaleir.org/,01/01/2017,01/01/2018
a31c93s001,Thread Genius,,,01/01/2017,01/01/2018
a31c93s002,Ephemeral Tattoos,,https://ephemeral.tattoo,01/01/2017,01/01/2018
a31c93s003,Vidrovr,www.vidrovr.com,http://vidrovr.com,01/01/2017,01/01/2018
a31c93s005,EEVO,www.eevo.com,http://eevo.com,01/01/2017,01/01/2018
a31c93s007,Narmi,,https://www.narmi.com,01/01/2017,01/01/2018
a31c93s008,Vitae Industries,www.vitaeindustries.com,https://www.vitaeindustries.com/,01/01/2017,01/01/2018
a31c93s009,Halion Displays,,https://www.halion.ca,01/01/2017,01/01/2018
a31c93s010,ThinkLoot,www.jargon.ai,https://www.jargon.ai,01/01/2017,01/01/2018
a31c93s011,Lean Systems,www.leansystems.co,https://www.leansystems.co/,01/01/2017,01/01/2018
a31c93s012,Dossier,www.trydossier.com,https://www.trydossier.com/,01/01/2017,01/01/2018
a31c93s013,Litimetrics,www.litimetrics.com,https://www.litimetrics.com/,01/01/2017,01/01/2018
a31c93s014,Conductor,www.getconductor.com,http://www.getconductor.com/,01/01/2017,01/01/2018
a31c96s001,CityCop,www.citycop.org,http://www.citycop.org,01/01/2017,01/01/2018
a31c96s002,WriterDuet,www.writerduet.com,https://writerduet.com,01/01/2017,01/01/2018
a31c96s003,HeySuper,www.heysuper.com,http://www.heysuper.com,01/01/2017,01/01/2018
a31c96s004,NUKERN,www.nukern.com,https://www.nukern.com,01/01/2017,01/01/2018
a31c96s005,Babbler,,https://heybabbler.com,01/01/2017,01/01/2018
a31c96s007,ScaleFactor,www.scalefactor.com,https://www.scalefactor.com/,01/01/2017,01/01/2018
a31c96s008,Prospectify,www.prospectify.io,https://prospectify.io,01/01/2017,01/01/2018
a31c96s009,The Wed Clique,www.thewedclique.com,http://www.thewedclique.com,01/01/2017,01/01/2018
a31c96s010,Threatcare,www.threatcare.com,https://www.threatcare.com/,01/01/2017,01/01/2018
a31c99s001,Vector Legal Method,www.vectorlegalmethod.com,http://www.vectorlegalmethod.com/,01/07/2017,01/07/2018
a31c99s002,NexusEdge,www.nexusedge.com,http://www.nexusedge.com/,01/07/2017,01/07/2018
a31c99s003,GRIT Virtual,,https://www.wearegrit.com/,01/07/2017,01/07/2018
a31c99s004,Zego,www.zego.io,http://zego.io/,01/07/2017,01/07/2018
a31c99s005,Ampogee,www.ampogee.com,http://ampogee.com,01/07/2017,01/07/2018
a31c99s006,Somatic Labs,www.zorbtouch.com,https://zorbtouch.com/,01/07/2017,01/07/2018
a31c99s007,TeacherTalent,,https://teachertalent.io,01/07/2017,01/07/2018
a31c99s008,Planetarians,www.planetarians.com,https://www.planetarians.com/,01/07/2017,01/07/2018
a31c99s010,Curv,www.curvhealth.com,https://www.curvhealth.com/,01/07/2017,01/07/2018
a46c01s001,InStoreFinance,www.instorefinance.com,http://www.instorefinance.com,01/06/2012,01/06/2013
a46c01s002,Urban Matrix,,https://www.jphowardassoc.com/,01/06/2012,01/06/2013
a46c01s003,SafeCare,,http://safecare.publichealth.gsu.edu/,01/06/2012,01/06/2013
a46c01s004,On Demand Interpretation,www.ondemandinterpreters.com,,01/06/2012,01/06/2013
a46c01s005,BOOM,,http://www.laurenloftsocial.com,01/06/2012,01/06/2013
a46c01s006,BigRiver,,http://gobigriver.com,01/06/2012,01/06/2013
a46c02s001,Quixby,,http://www.quixby.com,01/01/2013,01/01/2014
a46c02s002,GridPar,www.gridpar.com,https://gridpar.com/,01/01/2013,01/01/2014
a46c02s003,Intraclinics,www.intraclinics.com,http://www.intraclinics.com,01/01/2013,01/01/2014
a46c02s004,Queryly,www.queryly.com,http://www.queryly.com,01/01/2013,01/01/2014
a46c02s005,eCollect,www.ecollectpayments.com,http://www.ecollectpayments.com,01/01/2013,01/01/2014
a46c02s006,Style Shack,www.styleshack.com,https://www.styleshack.com/,01/01/2013,01/01/2014
a46c02s007,Whip Hand Cosmetics,www.whiphandcosmetics.com,http://www.whiphandcosmetics.com,01/01/2013,01/01/2014
a46c02s009,Backstitch,www.backstitch.io,https://www.backstitch.io,01/01/2013,01/01/2014
a46c02s010,SnapBatch,www.snapbatch.com,http://www.snapbatch.com/,01/01/2013,01/01/2014
a46c02s011,Guidesmob,www.guidesmob.com,http://www.guidesmob.com,01/01/2013,01/01/2014
a46c02s012,Brys & Edgewood,,http://brysedgewood.com,01/01/2013,01/01/2014
a46c02s013,Savorfull,www.savorfull.com,http://www.savorfull.com,01/01/2013,01/01/2014
a46c02s014,Chalkfly,,http://Chalkfly.com,01/01/2013,01/01/2014
a46c02s015,Social 2Step,www.social2step.com,http://www.social2step.com,01/01/2013,01/01/2014
a46c02s016,SkuServe,www.skuserve.com,http://www.skuserve.com,01/01/2013,01/01/2014
a46c02s017,FoodJunky,www.foodjunky.com,http://www.foodjunky.com,01/01/2013,01/01/2014
a46c02s018,Mascot Secret,www.mascotsecret.com,http://mascotsecret.com,01/01/2013,01/01/2014
a46c02s019,Canopi,www.canopi.com,http://canopi.com/,01/01/2013,01/01/2014
a46c02s020,NewCell,www.newcellsolutions.com,http://newcellsolutions.com,01/01/2013,01/01/2014
a46c03s001,Payment Scholar,www.paymentscholar.com,http://www.paymentscholar.com/,01/08/2014,01/08/2015
a46c03s002,Birdhouse For Autism,www.birdhousehq.com,http://www.birdhousehq.com,01/08/2014,01/08/2015
a46c03s003,SpiroSano,,http://www.spirosano.com,01/08/2014,01/08/2015
a46c03s004,GoBaller,,http://goballer.com/business,01/08/2014,01/08/2015
a46c03s005,Oarex,www.oarex.com,https://www.oarex.com,01/08/2014,01/08/2015
a46c03s006,Passage,www.gopassage.com,http://gopassage.com,01/08/2014,01/08/2015
a46c03s007,Tap.in2,www.tapin2.co,http://www.tapin2.co/,01/08/2014,01/08/2015
a46c03s008,Bookwork,www.bookwork.co,http://bookwork.co,01/08/2014,01/08/2015
a46c03s009,Greenlancer,www.greenlancer.com,http://www.greenlancer.com,01/08/2014,01/08/2015
a46c03s011,Slope,www.goslope.com,https://www.goslope.com/,01/08/2014,01/08/2015
a46c03s012,Cribspot,www.cribspot.com,https://www.cribspot.com/,01/08/2014,01/08/2015
a46c03s013,TernPro,,https://ternpro.com/,01/08/2014,01/08/2015
a46c03s014,SunDaily,www.sundailyhealth.com,http://sundailyhealth.com,01/08/2014,01/08/2015
a46c03s015,WaitTime,www.thewaittimes.com,http://www.thewaittimes.com/,01/08/2014,01/08/2015
a46c03s016,inlaw.me,www.inlaw.me,http://www.inlaw.me/,01/08/2014,01/08/2015
a95c01s001,Pagewoo,,http://www.nearwoo.com,01/01/2012,31/12/2012
a95c01s002,Starbates,,http://www.starbates.com,01/01/2012,31/12/2012
a95c01s003,Pronoise,,http://pronoise.com,01/01/2012,31/12/2012
a95c01s004,ThrdPlace,,http://www.thrdPlace.com,01/01/2012,31/12/2012
a95c01s005,WeLink,www.welink.com,https://welink.com,01/01/2012,31/12/2012
a95c01s007,Gonnabe,www.gonnabe.com,http://gonnabe.com,01/01/2012,31/12/2012
a95c01s008,Outlisten,www.outlisten.com,http://www.outlisten.com,01/01/2012,31/12/2012
a95c02s001,Kite,,http://justkiteit.com,01/04/2012,01/04/2013
a95c02s002,BetterYou,www.betteryou.com,http://betteryou.com,01/04/2012,01/04/2013
a95c02s003,Rivono,www.rivono.com,http://rivono.com,01/04/2012,01/04/2013
a95c02s006,Vloggo,,http://vloggo.com,01/04/2012,01/04/2013
a95c02s008,KokoChi,www.kokoche.com,http://www.kokoche.com,01/04/2012,01/04/2013
a95c02s009,Fromography,www.fromography.com,http://fromography.com,01/04/2012,01/04/2013
a95c02s010,1RP TV,www.1rp.tv,,01/04/2012,01/04/2013
a95c02s011,MergeLocal,www.mergelocal.com,http://www.mergelocal.com,01/04/2012,01/04/2013
a95c03s001,Flinja,www.flinja.com,http://www.flinja.com,01/07/2012,01/07/2013
a95c03s003,Particle 5,www.particle5.com,http://www.particle5.com,01/07/2012,01/07/2013
a95c03s004,Where My Dogs At,,http://www.betterpet.co/,01/07/2012,01/07/2013
a95c03s005,Afterschool.me,www.afterschool.me,http://afterschool.me,01/07/2012,01/07/2013
a95c03s006,Hoonto,www.hoonto.com,http://www.hoonto.com,01/07/2012,01/07/2013
a95c03s007,Motion Dispatch,www.motiondispatch.com,http://www.motiondispatch.com,01/07/2012,01/07/2013
a95c03s009,Smilu,,http://www.smilu.co,01/07/2012,01/07/2013
a95c03s010,Contur,,http://www.contur.com,01/07/2012,01/07/2013
a95c03s011,Style Club,www.thestyleclub.com,http://www.thestyleclub.com/,01/07/2012,01/07/2013
a95c03s012,Enplug,www.enplug.com,http://www.enplug.com,01/07/2012,01/07/2013
a95c03s013,Overhead.fm,www.overhead.fm,http://overhead.fm,01/07/2012,01/07/2013
a95c03s014,FitKit,www.fitkit.me,http://fitkit.me,01/07/2012,01/07/2013
